ID,ID de persona,Nombre completo,Expediente,Causa penal,Delito(s),Entidad Federativa,Circuito,Juzgado de Distrito,Lugar de reclusión,Motivo de la privación de libertad,Otra causa: autoridad,Otra causa: situación,Fecha de inicio de la averiguación previa,Fecha de auto de formal prisión,Tipo de procedimiento,Etapa procesal,Instancia actual,Fecha de cierre de instrucción,Fecha de la audiencia de vista,Último acto procesal,Fecha del último acto procesal,Fecha de sentencia de primera instancia,Pena impuesta (no firme),Revisión de la medida: solicitada,Revisión de la medida: fecha,Revisión de la medida: resultado,Fecha de ejecutoria,Motivo de baja,Fecha de corte,Observaciones
1,PER-0001,Héctor Fuentes Garza,EXP-FIC-1000/2024,CP-FIC-100/2024,Secuestro; Contra la salud (transporte),Ciudad de México,Primer Circuito,Juzgado Primero de Distrito de Procesos Penales Federales en la Ciudad de México,Centro de Reinserción Norte (ficticio),Solo por esta causa federal,,,2016-03-30,2024-10-01,Ordinario,Instrucción agotada / cerrada,Juzgado Primero de Distrito de Procesos Penales Federales en la Ciudad de México,2026-02-05,,Se declaró cerrada la instrucción.,2026-05-17,,,No,,,,,2026-09-01,Cuenta con otra causa penal en trámite (dato ficticio).
2,PER-0002,Benito Robles Campos,EXP-FIC-1007/2021,CP-FIC-101/2021,Acopio de armas,Estado de México,Segundo Circuito,Juzgado Primero de Distrito en Materia Penal en el Estado de México,Centro Estatal Valle Alto (ficticio),Solo por esta causa federal,,,2016-03-30,2021-10-01,Ordinario,Instrucción,Juzgado Primero de Distrito en Materia Penal en el Estado de México,,,Se admitieron las pruebas periciales ofrecidas por las partes.,2022-10-19,,,No,,,,,2026-09-01,Cuenta con otra causa penal en trámite (dato ficticio).
3,PER-0003,Valeria Espinoza Escobar,EXP-FIC-1014/2016,CP-FIC-102/2016,Defraudación fiscal,Jalisco,Tercer Circuito,Juzgado Primero de Distrito en Materia Penal en Jalisco,Centro Estatal de Reinserción Los Altos (ficticio),Solo por causa del fuero común,"Juzgado Penal de Primera Instancia en Jalisco (fuero común, ficticio)",Sentenciada (no firme),2016-02-05,2016-10-01,Ordinario,Segunda instancia (apelación),Tribunal Colegiado de Apelación del Tercer Circuito (Toca FIC-134/2026),2019-01-03,2022-01-16,El tribunal de apelación señaló fecha para la vista.,2026-05-01,2026-03-09,53,Sí,2023-12-10,Pendiente de resolver,,,2026-09-01,Promovió amparo indirecto contra la prisión preventiva (dato ficticio).
4,PER-0004,Ricardo Lozano Cervantes,EXP-FIC-1021/2006,CP-FIC-103/2006,Falsificación de moneda,Nuevo León,Cuarto Circuito,Juzgado Primero de Distrito en Materia Penal en Nuevo León,Centro Federal de Reinserción Noreste (ficticio),Solo por esta causa federal,,,2006-04-13,2006-10-01,Ordinario,Segunda instancia (apelación),Tribunal Colegiado de Apelación del Cuarto Circuito (Toca FIC-118/2026),2011-12-06,2016-02-10,Se admitió la apelación contra la sentencia de primera instancia; pendiente de resolución.,2026-08-24,2018-06-17,49,No,,,,,2026-09-01,Registro de prueba.
5,PER-0005,Cecilia Villaseñor Robles,EXP-FIC-1028/1996,CP-FIC-104/1996,Delitos contra el ambiente,Sonora,Quinto Circuito,Juzgado Primero de Distrito en Sonora,Centro Federal de Reinserción Desierto (ficticio),Solo por esta causa federal,,,1994-10-04,1996-10-01,Ordinario,Reposición del procedimiento,Juzgado Primero de Distrito en Sonora,,,Se repuso el procedimiento a partir de la diligencia anulada.,2013-11-13,,,No,,,,,2026-09-01,Promovió amparo indirecto contra la prisión preventiva (dato ficticio).
6,PER-0006,Araceli Medina Lozano,EXP-FIC-1035/2024,CP-FIC-105/2024,Falsificación de moneda; Defraudación fiscal,Puebla,Sexto Circuito,Juzgado Primero de Distrito en Materia Penal en Puebla,Centro Regional de Reinserción Sur (ficticio),Solo por esta causa federal,,,2014-09-11,2024-10-18,Ordinario,Sentencia de primera instancia (plazo para apelar),Juzgado Primero de Distrito en Materia Penal en Puebla,2025-11-26,2026-01-22,Se dictó sentencia de primera instancia; corre el plazo para apelar.,2026-05-20,2026-03-19,41,Sí,2026-04-27,Se mantuvo la prisión preventiva,,,2026-09-01,Se solicitó la revisión de la medida cautelar (dato ficticio).
7,PER-0007,Raúl Sandoval Espinoza,EXP-FIC-1042/2023,CP-FIC-106/2023,Contra la salud (posesión con fines de comercio),Veracruz,Séptimo Circuito,Juzgado Primero de Distrito en Veracruz,Centro Federal de Reinserción Sureste (ficticio),Solo por causa del fuero común,"Juzgado Penal de Primera Instancia en Veracruz (fuero común, ficticio)",Sentenciada (no firme),2015-01-09,2023-01-01,Ordinario,Instrucción,Juzgado Primero de Distrito en Veracruz,,,Se difirió la audiencia de careos por falta de traslado.,2024-01-29,,,No,,,,,2026-09-01,Cuenta con otra causa penal en trámite (dato ficticio).
8,PER-0008,Omar Camacho Garza,EXP-FIC-1049/2018,CP-FIC-107/2018,Defraudación fiscal,Michoacán,Décimo Primer Circuito,Juzgado Primero de Distrito en Michoacán,Centro Regional Lago Azul (ficticio),Solo por esta causa federal,,,2016-03-17,2018-07-12,Ordinario,Segunda instancia (apelación),Tribunal Colegiado de Apelación del Décimo Primer Circuito (Toca FIC-299/2026),2019-02-11,2021-07-02,Se admitió la apelación contra la sentencia de primera instancia; pendiente de resolución.,2026-05-14,2026-04-06,10,No,,,,,2026-09-01,Defensa particular (dato ficticio).
9,PER-0009,Iris Montes Rangel,EXP-FIC-1056/2012,CP-FIC-108/2012,Robo de hidrocarburos,Sinaloa,Décimo Segundo Circuito,Juzgado Primero de Distrito en Sinaloa,Centro Estatal de Reinserción Pacífico (ficticio),Solo por esta causa federal,,,2010-11-24,2012-11-23,Ordinario,Audiencia de vista / citado para sentencia,Juzgado Primero de Distrito en Sinaloa,2020-08-19,2025-02-28,Se citó a la audiencia de vista.,2025-03-29,,,No,,,,,2026-09-01,Cuenta con otra causa penal en trámite (dato ficticio).
10,PER-0010,Silvia Barrios Mejía,EXP-FIC-1063/2005,CP-FIC-109/2005,Acopio de armas,Chihuahua,Décimo Séptimo Circuito,Juzgado Primero de Distrito en Chihuahua,Centro Estatal de Reinserción Barrancas (ficticio),Por esta causa y por causa del fuero común,"Juzgado Penal de Primera Instancia en Chihuahua (fuero común, ficticio)",Sentenciada (no firme),2003-02-10,2005-04-07,Ordinario,Reposición del procedimiento,Juzgado Primero de Distrito en Chihuahua,,,El tribunal de apelación ordenó la reposición del procedimiento.,2015-05-03,,,No,,,,,2026-09-01,Defensa particular (dato ficticio).
11,PER-0011,Tomás Salazar Figueroa,EXP-FIC-1070/2022,CP-FIC-110/2022,Falsificación de moneda,Ciudad de México,Primer Circuito,Juzgado Segundo de Distrito de Procesos Penales Federales en la Ciudad de México,Centro de Reinserción Norte (ficticio),Solo por esta causa federal,,,2013-03-16,2022-12-25,Sumario,Instrucción,Juzgado Segundo de Distrito de Procesos Penales Federales en la Ciudad de México,,,Se admitieron las pruebas periciales ofrecidas por las partes.,2025-11-16,,,No,,,,,2026-09-01,Se solicitó la revisión de la medida cautelar (dato ficticio).
12,PER-0012,Javier Castañeda Cabrera,EXP-FIC-1077/2021,CP-FIC-111/2021,Operaciones con recursos de procedencia ilícita; Secuestro,Estado de México,Segundo Circuito,Juzgado Segundo de Distrito en Materia Penal en el Estado de México,Centro Estatal Valle Alto (ficticio),Por esta causa y por causa del fuero común,"Juzgado Penal de Primera Instancia en Estado de México (fuero común, ficticio)",Sentenciada (no firme),2014-05-24,2021-08-27,Ordinario,Segunda instancia (apelación),Tribunal Colegiado de Apelación del Segundo Circuito (Toca FIC-296/2024),2021-12-01,2022-03-09,Se admitió la apelación contra la sentencia de primera instancia; pendiente de resolución.,2024-02-11,2023-01-31,53,No,,,,,2026-09-01,Sin observaciones adicionales.
13,PER-0013,Zacarías Delgado Delgado,EXP-FIC-1084/2006,CP-FIC-112/2006,Acopio de armas; Falsificación de moneda,Jalisco,Tercer Circuito,Juzgado Segundo de Distrito en Materia Penal en Jalisco,Centro Estatal de Reinserción Los Altos (ficticio),Por esta causa y por otra causa federal,Juzgado Tercero de Distrito en Materia Penal en Jalisco (otra causa federal),Sentenciada (no firme),2005-02-10,2006-12-08,Ordinario,Reposición del procedimiento,Juzgado Segundo de Distrito en Materia Penal en Jalisco,,,Se repuso el procedimiento a partir de la diligencia anulada.,2015-12-19,,,No,,,,,2026-09-01,Persona ficticia con dos causas penales distintas.
14,PER-0014,Edgar Villaseñor Montes,EXP-FIC-1091/2006,CP-FIC-113/2006,Robo de hidrocarburos,Nuevo León,Cuarto Circuito,Juzgado Segundo de Distrito en Materia Penal en Nuevo León,Centro Federal de Reinserción Noreste (ficticio),Solo por esta causa federal,,,2004-08-06,2006-06-17,Ordinario,Reposición del procedimiento,Juzgado Segundo de Distrito en Materia Penal en Nuevo León,,,El tribunal de apelación ordenó la reposición del procedimiento.,2008-11-17,,,No,,,,,2026-09-01,Promovió amparo indirecto contra la prisión preventiva (dato ficticio).
15,PER-0015,Silvia Peña Ibarra,EXP-FIC-1098/2025,CP-FIC-114/2025,Delitos contra el ambiente,Sonora,Quinto Circuito,Juzgado Segundo de Distrito en Sonora,Centro Estatal Costa Norte (ficticio),Solo por esta causa federal,,,2013-07-13,2025-04-26,Ordinario,Instrucción,Juzgado Segundo de Distrito en Sonora,,,Se ordenó girar exhorto para el desahogo de una diligencia.,2025-12-31,,,No,,,,,2026-09-01,Cuenta con otra causa penal en trámite (dato ficticio).
16,PER-0016,Pablo Tapia Zavala,EXP-FIC-1105/2022,CP-FIC-115/2022,Operaciones con recursos de procedencia ilícita; Delitos contra el ambiente,Puebla,Sexto Circuito,Juzgado Segundo de Distrito en Materia Penal en Puebla,Centro Estatal de Reinserción Los Volcanes (ficticio),Solo por esta causa federal,,,2012-06-23,2022-05-27,Ordinario,Sentencia de primera instancia (plazo para apelar),Juzgado Segundo de Distrito en Materia Penal en Puebla,2022-12-11,2023-05-09,Se dictó sentencia de primera instancia; corre el plazo para apelar.,2026-07-13,2025-02-20,42,No,,,,,2026-09-01,Se solicitó la revisión de la medida cautelar (dato ficticio).
17,PER-0017,Manuel Espinoza Orozco,EXP-FIC-1112/2017,CP-FIC-116/2017,Portación de arma de fuego de uso exclusivo; Operaciones con recursos de procedencia ilícita,Veracruz,Séptimo Circuito,Juzgado Segundo de Distrito en Veracruz,Centro Federal de Reinserción Sureste (ficticio),Por esta causa y por otra causa federal,Juzgado Primero de Distrito en Veracruz (otra causa federal),En proceso,2015-04-11,2017-08-25,Ordinario,Segunda instancia (apelación),Tribunal Colegiado de Apelación del Séptimo Circuito (Toca FIC-30/2025),2019-06-05,2019-08-09,Se admitió la apelación contra la sentencia de primera instancia; pendiente de resolución.,2025-09-03,2022-04-16,44,No,,,,,2026-09-01,Defensa particular (dato ficticio).
18,PER-0018,Gerardo Castañeda Benítez,EXP-FIC-1119/2013,CP-FIC-117/2013,Operaciones con recursos de procedencia ilícita; Tráfico de personas,Michoacán,Décimo Primer Circuito,Juzgado Segundo de Distrito en Michoacán,Centro Regional Lago Azul (ficticio),Solo por esta causa federal,,,2012-09-07,2013-06-14,Ordinario,Segunda instancia (apelación),Tribunal Colegiado de Apelación del Décimo Primer Circuito (Toca FIC-71/2024),2017-12-22,2023-06-25,Se admitió la apelación contra la sentencia de primera instancia; pendiente de resolución.,2024-11-09,2024-07-25,46,No,,,,,2026-09-01,Defensa pública federal (dato ficticio).
19,PER-0019,Adrián Mejía Figueroa,EXP-FIC-1126/1998,CP-FIC-118/1998,Portación de arma de fuego de uso exclusivo,Sinaloa,Décimo Segundo Circuito,Juzgado Segundo de Distrito en Sinaloa,Centro Estatal de Reinserción Pacífico (ficticio),Compurga pena por otra causa,"Juzgado de Ejecución en Sinaloa (fuero común, ficticio)",Compurgando pena,1997-05-04,1998-05-05,Sumario,Segunda instancia (apelación),Tribunal Colegiado de Apelación del Décimo Segundo Circuito (Toca FIC-91/2020),2000-06-16,2007-12-27,Se admitió la apelación contra la sentencia de primera instancia; pendiente de resolución.,2020-04-04,2011-04-04,56,Sí,2017-08-15,Se mantuvo la prisión preventiva,,,2026-09-01,Promovió amparo indirecto contra la prisión preventiva (dato ficticio).
20,PER-0020,José Luis Robles Lozano,EXP-FIC-1133/2025,CP-FIC-119/2025,Contra la salud (transporte),Chihuahua,Décimo Séptimo Circuito,Juzgado Segundo de Distrito en Chihuahua,Centro Estatal de Reinserción Barrancas (ficticio),Solo por causa del fuero común,"Juzgado Penal de Primera Instancia en Chihuahua (fuero común, ficticio)",En proceso,2013-02-10,2025-03-19,Ordinario,Instrucción agotada / cerrada,Juzgado Segundo de Distrito en Chihuahua,2026-07-08,,Se declaró cerrada la instrucción.,2026-08-22,,,No,,,,,2026-09-01,Registro de prueba.
21,PER-0021,José Luis Hernández Ruiz,EXP-FIC-1140/2019,CP-FIC-120/2019,Delitos contra el ambiente; Acopio de armas,Ciudad de México,Primer Circuito,Juzgado Tercero de Distrito de Procesos Penales Federales en la Ciudad de México,Centro de Reinserción Norte (ficticio),Solo por esta causa federal,,,2014-05-22,2019-03-23,Ordinario,Sentencia de primera instancia (plazo para apelar),Tribunal Colegiado de Apelación del Primer Circuito (Toca FIC-237/2025),2021-08-06,2022-03-05,El tribunal de apelación señaló fecha para la vista.,2025-12-07,2022-06-01,55,No,,,,,2026-09-01,Homonimia ficticia de prueba: existe otro registro con el mismo nombre y distinta causa.
22,PER-0022,María Fernanda Robles Cabrera,EXP-FIC-1147/2012,CP-FIC-121/2012,Delitos contra el ambiente; Operaciones con recursos de procedencia ilícita,Estado de México,Segundo Circuito,Juzgado Tercero de Distrito en Materia Penal en el Estado de México,Centro Federal de Reinserción Región Centro (ficticio),Solo por esta causa federal,,,2011-05-04,2012-04-27,Ordinario,Reposición del procedimiento,Juzgado Tercero de Distrito en Materia Penal en el Estado de México,,,Se repuso el procedimiento a partir de la diligencia anulada.,2015-08-17,,,Sí,2021-10-07,Pendiente de resolver,,,2026-09-01,Defensa pública federal (dato ficticio).
23,PER-0023,Pablo Ibarra Quintero,EXP-FIC-1154/2006,CP-FIC-122/2006,Tráfico de personas,Jalisco,Tercer Circuito,Juzgado Tercero de Distrito en Materia Penal en Jalisco,Centro Estatal de Reinserción Los Altos (ficticio),Por esta causa y por causa del fuero común,"Juzgado Penal de Primera Instancia en Jalisco (fuero común, ficticio)",Sentenciada (no firme),2006-02-02,2006-09-17,Ordinario,Sentencia de primera instancia (plazo para apelar),Juzgado Tercero de Distrito en Materia Penal en Jalisco,2009-05-24,2012-09-02,Se dictó sentencia de primera instancia; corre el plazo para apelar.,2025-01-03,2013-11-21,27,No,,,,,2026-09-01,Registro de prueba.
24,PER-0024,Ulises Fuentes Solís,EXP-FIC-1161/2025,CP-FIC-123/2025,Portación de arma de fuego de uso exclusivo; Contra la salud (transporte),Nuevo León,Cuarto Circuito,Juzgado Primero de Distrito en Materia Penal en Nuevo León,Centro Federal de Reinserción Noreste (ficticio),Solo por esta causa federal,,,2015-09-23,2025-11-17,Ordinario,Conclusiones,Juzgado Primero de Distrito en Materia Penal en Nuevo León,2026-05-11,,Se puso la causa a la vista del Ministerio Público para formular conclusiones.,2026-07-02,,,No,,,,,2026-09-01,Promovió amparo indirecto contra la prisión preventiva (dato ficticio).
25,PER-0025,Cecilia Medina Cabrera,EXP-FIC-1168/2021,CP-FIC-124/2021,Defraudación fiscal,Sonora,Quinto Circuito,Juzgado Primero de Distrito en Sonora,Centro Federal de Reinserción Desierto (ficticio),Solo por esta causa federal,,,2015-04-18,2021-10-29,Ordinario,Sentencia de primera instancia (plazo para apelar),Juzgado Primero de Distrito en Sonora,2024-03-12,2024-11-04,Se dictó sentencia de primera instancia; corre el plazo para apelar.,2026-07-26,2024-12-05,42,Sí,2022-04-19,Se mantuvo la prisión preventiva,,,2026-09-01,Pendiente de traslado a otro centro (dato ficticio).
26,PER-0026,José Luis Cárdenas Maldonado,EXP-FIC-1175/2017,CP-FIC-125/2017,Delitos contra el ambiente,Puebla,Sexto Circuito,Juzgado Primero de Distrito en Materia Penal en Puebla,Centro Estatal de Reinserción Los Volcanes (ficticio),Por esta causa y por causa del fuero común,"Juzgado Penal de Primera Instancia en Puebla (fuero común, ficticio)",Sentenciada (no firme),2014-08-03,2017-05-13,Ordinario,Instrucción,Juzgado Primero de Distrito en Materia Penal en Puebla,,,Se difirió la audiencia de careos por falta de traslado.,2020-08-29,,,No,,,,,2026-09-01,Registro de prueba.
27,PER-0027,Luis Enrique Ibarra Bautista,EXP-FIC-1182/2010,CP-FIC-126/2010,Delincuencia organizada,Veracruz,Séptimo Circuito,Juzgado Tercero de Distrito en Veracruz,Centro Estatal de Reinserción Golfo (ficticio),Solo por esta causa federal,,,2009-01-24,2010-07-01,Ordinario,Segunda instancia (apelación),Tribunal Colegiado de Apelación del Séptimo Circuito (Toca FIC-230/2026),2017-12-02,2023-08-10,Se admitió la apelación contra la sentencia de primera instancia; pendiente de resolución.,2026-08-31,2026-02-21,48,No,,,,,2026-09-01,Sin observaciones adicionales.
28,PER-0028,Mauricio Garza Domínguez,EXP-FIC-1189/2004,CP-FIC-127/2004,Operaciones con recursos de procedencia ilícita,Michoacán,Décimo Primer Circuito,Juzgado Primero de Distrito en Michoacán,Centro Estatal de Reinserción Tierra Caliente (ficticio),Solo por esta causa federal,,,2004-02-09,2004-11-26,Ordinario,Reposición del procedimiento,Juzgado Primero de Distrito en Michoacán,,,El tribunal de apelación ordenó la reposición del procedimiento.,2008-07-13,,,Sí,2021-04-05,Pendiente de resolver,,,2026-09-01,Pendiente de traslado a otro centro (dato ficticio).
30,PER-0030,José Luis Márquez Gallardo,EXP-FIC-1203/2023,CP-FIC-129/2023,Robo de hidrocarburos,Chihuahua,Décimo Séptimo Circuito,Juzgado Primero de Distrito en Chihuahua,Centro Estatal de Reinserción Barrancas (ficticio),Solo por esta causa federal,,,2015-09-18,2023-10-03,Ordinario,Audiencia de vista / citado para sentencia,Juzgado Primero de Distrito en Chihuahua,2025-10-29,2026-06-14,Se citó a la audiencia de vista.,2026-07-22,,,Sí,2025-09-20,Pendiente de resolver,,,2026-09-01,Registro de prueba.
31,PER-0031,Javier Cervantes Maldonado,EXP-FIC-1210/2008,CP-FIC-130/2008,Contra la salud (posesión con fines de comercio); Robo de hidrocarburos,Ciudad de México,Primer Circuito,Juzgado Primero de Distrito de Procesos Penales Federales en la Ciudad de México,Centro de Reinserción Oriente (ficticio),Solo por esta causa federal,,,2006-04-20,2008-01-26,Ordinario,Segunda instancia (apelación),Tribunal Colegiado de Apelación del Primer Circuito (Toca FIC-15/2024),2011-07-09,2019-09-13,Se admitió la apelación contra la sentencia de primera instancia; pendiente de resolución.,2024-10-31,2020-11-14,29,Sí,2018-01-27,Pendiente de resolver,,,2026-09-01,Cuenta con otra causa penal en trámite (dato ficticio).
32,PER-0032,María Fernanda López Castro,EXP-FIC-1217/2001,CP-FIC-131/2001,Contra la salud (transporte),Estado de México,Segundo Circuito,Juzgado Primero de Distrito en Materia Penal en el Estado de México,Centro Federal de Reinserción Región Centro (ficticio),Por esta causa y por causa del fuero común,"Juzgado Penal de Primera Instancia en Estado de México (fuero común, ficticio)",Sentenciada (no firme),1999-06-20,2001-03-17,Ordinario,Segunda instancia (apelación),Tribunal Colegiado de Apelación del Segundo Circuito (Toca FIC-148/2026),2024-05-15,2025-04-29,El tribunal de apelación señaló fecha para la vista.,2026-02-02,2025-11-18,20,No,,,,,2026-09-01,Homonimia ficticia de prueba: existe otro registro con el mismo nombre y distinta causa.
34,PER-0034,Pablo Figueroa Lara,EXP-FIC-1231/2024,CP-FIC-133/2024,Acopio de armas; Secuestro,Nuevo León,Cuarto Circuito,Juzgado Segundo de Distrito en Materia Penal en Nuevo León,Centro Federal de Reinserción Noreste (ficticio),Solo por esta causa federal,,,2013-03-12,2024-09-21,Ordinario,Segunda instancia (apelación),Tribunal Colegiado de Apelación del Cuarto Circuito (Toca FIC-82/2026),2025-10-19,2026-04-13,El tribunal de apelación señaló fecha para la vista.,2026-08-16,2026-06-04,25,No,,,,,2026-09-01,Pendiente de traslado a otro centro (dato ficticio).
35,PER-0035,Roberto Sandoval Benítez,EXP-FIC-1238/2017,CP-FIC-134/2017,Acopio de armas; Defraudación fiscal,Sonora,Quinto Circuito,Juzgado Segundo de Distrito en Sonora,Centro Estatal Costa Norte (ficticio),Solo por esta causa federal,,,2015-12-23,2017-07-01,Ordinario,Instrucción,Juzgado Segundo de Distrito en Sonora,,,Se difirió la audiencia de careos por falta de traslado.,2018-08-26,,,Sí,2024-03-03,Pendiente de resolver,,,2026-09-01,Sin observaciones adicionales.
36,PER-0036,Ximena Miranda Castañeda,EXP-FIC-1245/2014,CP-FIC-135/2014,Operaciones con recursos de procedencia ilícita,Puebla,Sexto Circuito,Juzgado Segundo de Distrito en Materia Penal en Puebla,Centro Estatal de Reinserción Los Volcanes (ficticio),Solo por causa del fuero común,"Juzgado Penal de Primera Instancia en Puebla (fuero común, ficticio)",Sentenciada (no firme),2012-09-05,2014-05-11,Ordinario,Segunda instancia (apelación),Tribunal Colegiado de Apelación del Sexto Circuito (Toca FIC-235/2024),2014-09-30,2014-10-25,El tribunal de apelación señaló fecha para la vista.,2024-01-04,2015-12-02,43,No,,,,,2026-09-01,Defensa pública federal (dato ficticio).
37,PER-0037,Gloria Alvarado Campos,EXP-FIC-1252/2003,CP-FIC-136/2003,Operaciones con recursos de procedencia ilícita,Veracruz,Séptimo Circuito,Juzgado Primero de Distrito en Veracruz,Centro Federal de Reinserción Sureste (ficticio),Solo por esta causa federal,,,2002-05-04,2003-03-13,Ordinario,Instrucción agotada / cerrada,Juzgado Primero de Distrito en Veracruz,2019-01-03,,Se declaró agotada la instrucción y se puso el proceso a la vista de las partes.,2019-02-26,,,No,,,,,2026-09-01,Promovió amparo indirecto contra la prisión preventiva (dato ficticio).
38,PER-0038,Noemí Alvarado Figueroa,EXP-FIC-1259/2025,CP-FIC-137/2025,Falsificación de moneda,Michoacán,Décimo Primer Circuito,Juzgado Segundo de Distrito en Michoacán,Centro Estatal de Reinserción Tierra Caliente (ficticio),Solo por esta causa federal,,,2012-07-29,2025-11-30,Ordinario,Instrucción,Juzgado Segundo de Distrito en Michoacán,,,Se difirió la audiencia de careos por falta de traslado.,2026-01-17,,,No,,,,,2026-09-01,Registro de prueba.
39,PER-0039,Elena Márquez Trejo,EXP-FIC-1266/2023,CP-FIC-138/2023,Contra la salud (transporte),Sinaloa,Décimo Segundo Circuito,Juzgado Segundo de Distrito en Sinaloa,Centro Federal de Reinserción Noroeste (ficticio),Solo por esta causa federal,,,2013-03-25,2023-12-30,Ordinario,Instrucción agotada / cerrada,Juzgado Segundo de Distrito en Sinaloa,2025-04-11,,Se declaró agotada la instrucción y se puso el proceso a la vista de las partes.,2025-05-10,,,No,,,,,2026-09-01,Pendiente de traslado a otro centro (dato ficticio).
40,PER-0040,Cecilia Galindo Lara,EXP-FIC-1273/2020,CP-FIC-139/2020,Tráfico de personas; Contra la salud (transporte),Chihuahua,Décimo Séptimo Circuito,Juzgado Segundo de Distrito en Chihuahua,Centro Federal de Reinserción Frontera (ficticio),Compurga pena por otra causa,"Juzgado de Ejecución en Chihuahua (fuero común, ficticio)",Compurgando pena,2012-12-16,2020-08-13,Ordinario,Segunda instancia (apelación),Tribunal Colegiado de Apelación del Décimo Séptimo Circuito (Toca FIC-255/2026),2021-11-19,2023-04-12,Se admitió la apelación contra la sentencia de primera instancia; pendiente de resolución.,2026-02-10,2025-02-24,5,No,,,,,2026-09-01,Registro de prueba.
41,PER-0041,Ximena Arellano Velasco,EXP-FIC-1280/1997,CP-FIC-140/1997,Tráfico de personas; Defraudación fiscal,Ciudad de México,Primer Circuito,Juzgado Segundo de Distrito de Procesos Penales Federales en la Ciudad de México,Centro de Reinserción Norte (ficticio),Solo por esta causa federal,,,1996-08-13,1997-09-04,Ordinario,Reposición del procedimiento,Juzgado Segundo de Distrito de Procesos Penales Federales en la Ciudad de México,,,Se repuso el procedimiento a partir de la diligencia anulada.,2021-09-17,,,No,,,,,2026-09-01,Pendiente de traslado a otro centro (dato ficticio).
43,PER-0043,Juan Pablo Ramírez Soto,EXP-FIC-1294/2024,CP-FIC-142/2024,Acopio de armas; Contra la salud (posesión con fines de comercio),Jalisco,Tercer Circuito,Juzgado Segundo de Distrito en Materia Penal en Jalisco,Centro Federal de Reinserción Occidente (ficticio),Por esta causa y por causa del fuero común,"Juzgado Penal de Primera Instancia en Jalisco (fuero común, ficticio)",Sentenciada (no firme),2013-07-22,2024-08-09,Ordinario,Segunda instancia (apelación),Tribunal Colegiado de Apelación del Tercer Circuito (Toca FIC-121/2026),2025-04-16,2025-05-05,El tribunal de apelación señaló fecha para la vista.,2026-04-30,2025-11-28,59,No,,,,,2026-09-01,Homonimia ficticia de prueba: existe otro registro con el mismo nombre y distinta causa.
44,PER-0044,Néstor Lara Fuentes,EXP-FIC-1301/2017,CP-FIC-143/2017,Delincuencia organizada,Nuevo León,Cuarto Circuito,Juzgado Primero de Distrito en Materia Penal en Nuevo León,Centro Estatal de Reinserción Sierra Madre (ficticio),Solo por esta causa federal,,,2014-08-12,2017-03-25,Ordinario,Reposición del procedimiento,Juzgado Primero de Distrito en Materia Penal en Nuevo León,,,El tribunal de apelación ordenó la reposición del procedimiento.,2021-04-09,,,No,,,,,2026-09-01,Se solicitó la revisión de la medida cautelar (dato ficticio).
45,PER-0045,Isaac Contreras Medina,EXP-FIC-1308/2014,CP-FIC-144/2014,Falsificación de moneda,Sonora,Quinto Circuito,Juzgado Primero de Distrito en Sonora,Centro Estatal Costa Norte (ficticio),Por esta causa y por otra causa federal,Juzgado Segundo de Distrito en Sonora (otra causa federal),Sentenciada (no firme),2013-12-11,2014-09-01,Ordinario,Segunda instancia (apelación),Tribunal Colegiado de Apelación del Quinto Circuito (Toca FIC-264/2024),2019-07-07,2019-09-18,Se admitió la apelación contra la sentencia de primera instancia; pendiente de resolución.,2024-08-17,2021-05-01,48,No,,,,,2026-09-01,Defensa pública federal (dato ficticio).
46,PER-0046,César Márquez Maldonado,EXP-FIC-1315/1999,CP-FIC-145/1999,Operaciones con recursos de procedencia ilícita; Delincuencia organizada,Puebla,Sexto Circuito,Juzgado Primero de Distrito en Materia Penal en Puebla,Centro Regional de Reinserción Sur (ficticio),Solo por esta causa federal,,,1997-04-08,1999-03-02,Ordinario,Segunda instancia (apelación),Tribunal Colegiado de Apelación del Sexto Circuito (Toca FIC-238/2020),2004-08-22,2005-04-30,El tribunal de apelación señaló fecha para la vista.,2020-01-22,2005-05-22,27,No,,,,,2026-09-01,Registro de prueba.
47,PER-0047,Alfonso Arellano Aguilar,EXP-FIC-1322/2026,CP-FIC-146/2026,Defraudación fiscal,Veracruz,Séptimo Circuito,Juzgado Segundo de Distrito en Veracruz,Centro Estatal de Reinserción Golfo (ficticio),Solo por esta causa federal,,,2014-03-21,2026-07-15,Ordinario,Instrucción,Juzgado Segundo de Distrito en Veracruz,,,Se admitieron las pruebas periciales ofrecidas por las partes.,2026-07-23,,,Sí,2026-09-14,Se mantuvo la prisión preventiva,,,2026-09-01,Pendiente de traslado a otro centro (dato ficticio).
48,PER-0048,Zacarías Zavala Lara,EXP-FIC-1329/2021,CP-FIC-147/2021,Delincuencia organizada,Michoacán,Décimo Primer Circuito,Juzgado Primero de Distrito en Michoacán,Centro Estatal de Reinserción Tierra Caliente (ficticio),Solo por esta causa federal,,,2014-02-04,2021-12-05,Ordinario,Segunda instancia (apelación),Tribunal Colegiado de Apelación del Décimo Primer Circuito (Toca FIC-85/2024),2022-12-25,2023-08-13,El tribunal de apelación señaló fecha para la vista.,2024-01-15,2023-09-29,26,No,,,,,2026-09-01,Pendiente de traslado a otro centro (dato ficticio).
49,PER-0049,Benito Cordero Cordero,EXP-FIC-1336/2019,CP-FIC-148/2019,Robo de hidrocarburos; Contra la salud (posesión con fines de comercio),Sinaloa,Décimo Segundo Circuito,Juzgado Primero de Distrito en Sinaloa,Centro Federal de Reinserción Noroeste (ficticio),Compurga pena por otra causa,"Juzgado de Ejecución en Sinaloa (fuero común, ficticio)",Compurgando pena,2012-02-10,2019-07-08,Ordinario,Sentencia de primera instancia (plazo para apelar),Tribunal Colegiado de Apelación del Décimo Segundo Circuito (Toca FIC-12/2026),2020-07-18,2021-01-04,Se admitió la apelación contra la sentencia de primera instancia; pendiente de resolución.,2026-03-18,2023-12-23,52,Sí,2025-01-07,Pendiente de resolver,,,2026-09-01,Cuenta con otra causa penal en trámite (dato ficticio).
50,PER-0050,Valeria Leyva Miranda,EXP-FIC-1343/2011,CP-FIC-149/2011,Operaciones con recursos de procedencia ilícita,Chihuahua,Décimo Séptimo Circuito,Juzgado Primero de Distrito en Chihuahua,Centro Estatal de Reinserción Barrancas (ficticio),Solo por esta causa federal,,,2010-06-14,2011-06-02,Ordinario,Segunda instancia (apelación),Tribunal Colegiado de Apelación del Décimo Séptimo Circuito (Toca FIC-182/2021),2013-01-09,2014-01-26,El tribunal de apelación señaló fecha para la vista.,2021-05-02,2014-02-17,44,Sí,2023-11-18,Se mantuvo la prisión preventiva,,,2026-09-01,Cuenta con otra causa penal en trámite (dato ficticio).
51,PER-0051,María Fernanda Orozco Valencia,EXP-FIC-1350/2026,CP-FIC-150/2026,Tráfico de personas; Acopio de armas,Ciudad de México,Primer Circuito,Juzgado Tercero de Distrito de Procesos Penales Federales en la Ciudad de México,Centro de Reinserción Oriente (ficticio),Solo por esta causa federal,,,2013-04-26,2026-03-20,Ordinario,Instrucción,Juzgado Tercero de Distrito de Procesos Penales Federales en la Ciudad de México,,,Se difirió la audiencia de careos por falta de traslado.,2026-04-11,,,No,,,,,2026-09-01,Defensa pública federal (dato ficticio).
52,PER-0052,Adrián Estrada Lozano,EXP-FIC-1357/2022,CP-FIC-151/2022,Portación de arma de fuego de uso exclusivo,Estado de México,Segundo Circuito,Juzgado Tercero de Distrito en Materia Penal en el Estado de México,Centro Federal de Reinserción Región Centro (ficticio),Solo por causa del fuero común,"Juzgado Penal de Primera Instancia en Estado de México (fuero común, ficticio)",En proceso,2015-03-07,2022-10-06,Ordinario,Instrucción,Juzgado Tercero de Distrito en Materia Penal en el Estado de México,,,Se admitieron las pruebas periciales ofrecidas por las partes.,2024-08-31,,,No,,,,,2026-09-01,Defensa particular (dato ficticio).
53,PER-0053,Rosa Isela Miranda Quintero,EXP-FIC-1364/2018,CP-FIC-152/2018,Falsificación de moneda; Robo de hidrocarburos,Jalisco,Tercer Circuito,Juzgado Tercero de Distrito en Materia Penal en Jalisco,Centro Federal de Reinserción Occidente (ficticio),Por esta causa y por otra causa federal,Juzgado Segundo de Distrito en Materia Penal en Jalisco (otra causa federal),En proceso,2013-04-27,2018-09-10,Ordinario,Sentencia de primera instancia (plazo para apelar),Juzgado Tercero de Distrito en Materia Penal en Jalisco,2019-06-11,2020-03-02,Se dictó sentencia de primera instancia; corre el plazo para apelar.,2021-08-05,2020-04-02,39,No,,,,,2026-09-01,Defensa particular (dato ficticio).
54,PER-0054,Bruno Ibarra Guerrero,EXP-FIC-1371/2013,CP-FIC-153/2013,Robo de hidrocarburos,Nuevo León,Cuarto Circuito,Juzgado Segundo de Distrito en Materia Penal en Nuevo León,Centro Federal de Reinserción Noreste (ficticio),Solo por esta causa federal,,,2013-01-24,2013-09-29,Ordinario,Reposición del procedimiento,Juzgado Segundo de Distrito en Materia Penal en Nuevo León,,,El tribunal de apelación ordenó la reposición del procedimiento.,2021-05-26,,,No,,,,,2026-09-01,Sin observaciones adicionales.
55,PER-0055,Emilio Tapia Zavala,EXP-FIC-1280/1997,CP-FIC-140/1997,Tráfico de personas; Defraudación fiscal,Ciudad de México,Primer Circuito,Juzgado Segundo de Distrito de Procesos Penales Federales en la Ciudad de México,Centro de Reinserción Norte (ficticio),Solo por causa del fuero común,"Juzgado Penal de Primera Instancia en Sonora (fuero común, ficticio)",Sentenciada (no firme),1996-08-13,1997-09-04,Ordinario,Reposición del procedimiento,Juzgado Segundo de Distrito de Procesos Penales Federales en la Ciudad de México,,,Se repuso el procedimiento a partir de la diligencia anulada.,2021-09-17,,,No,,,,,2026-09-01,Coimputado ficticio: comparte causa con otras PPL.
56,PER-0056,Leonardo Peña Orozco,EXP-FIC-1385/2025,CP-FIC-155/2025,Contra la salud (transporte); Robo de hidrocarburos,Puebla,Sexto Circuito,Juzgado Segundo de Distrito en Materia Penal en Puebla,Centro Regional de Reinserción Sur (ficticio),Solo por esta causa federal,,,2011-09-03,2025-06-07,Ordinario,Instrucción,Juzgado Segundo de Distrito en Materia Penal en Puebla,,,Se admitieron las pruebas periciales ofrecidas por las partes.,2026-03-14,,,No,,,,,2026-09-01,Defensa pública federal (dato ficticio).
57,PER-0057,Esteban Estrada Galindo,EXP-FIC-1392/2024,CP-FIC-156/2024,Acopio de armas; Robo de hidrocarburos,Veracruz,Séptimo Circuito,Juzgado Tercero de Distrito en Veracruz,Centro Federal de Reinserción Sureste (ficticio),Solo por esta causa federal,,,2014-08-26,2024-08-10,Ordinario,Segunda instancia (apelación),Tribunal Colegiado de Apelación del Séptimo Circuito (Toca FIC-174/2026),2025-02-10,2025-03-13,El tribunal de apelación señaló fecha para la vista.,2026-08-29,2025-05-03,24,No,,,,,2026-09-01,Se solicitó la revisión de la medida cautelar (dato ficticio).
58,PER-0058,Adrián Escobar Gallardo,EXP-FIC-1399/2018,CP-FIC-157/2018,Delincuencia organizada; Robo de hidrocarburos,Michoacán,Décimo Primer Circuito,Juzgado Segundo de Distrito en Michoacán,Centro Estatal de Reinserción Tierra Caliente (ficticio),Solo por esta causa federal,,,2012-12-13,2018-12-24,Ordinario,Instrucción agotada / cerrada,Juzgado Segundo de Distrito en Michoacán,2024-01-19,,Se declaró agotada la instrucción y se puso el proceso a la vista de las partes.,2024-02-22,,,No,,,,,2026-09-01,Defensa pública federal (dato ficticio).
59,PER-0059,Valeria Alvarado Zamora,EXP-FIC-1343/2011,CP-FIC-149/2011,Operaciones con recursos de procedencia ilícita,Chihuahua,Décimo Séptimo Circuito,Juzgado Primero de Distrito en Chihuahua,Centro Estatal de Reinserción Barrancas (ficticio),Solo por esta causa federal,,,2010-06-14,2011-06-02,Ordinario,Segunda instancia (apelación),Tribunal Colegiado de Apelación del Décimo Séptimo Circuito (Toca FIC-182/2021),2013-01-09,2014-01-26,El tribunal de apelación señaló fecha para la vista.,2021-05-02,2014-02-17,47,No,,,,,2026-09-01,Coimputado ficticio: comparte causa con otras PPL.
60,PER-0060,Omar Estrada Guerrero,EXP-FIC-1413/2004,CP-FIC-159/2004,Contra la salud (posesión con fines de comercio); Acopio de armas,Chihuahua,Décimo Séptimo Circuito,Juzgado Segundo de Distrito en Chihuahua,Centro Estatal de Reinserción Barrancas (ficticio),Solo por esta causa federal,,,2002-01-19,2004-06-09,Ordinario,Segunda instancia (apelación),Tribunal Colegiado de Apelación del Décimo Séptimo Circuito (Toca FIC-68/2020),2011-10-18,2014-07-11,Se admitió la apelación contra la sentencia de primera instancia; pendiente de resolución.,2020-11-02,2014-10-18,31,No,,,,,2026-09-01,Se solicitó la revisión de la medida cautelar (dato ficticio).
61,PER-0061,Javier Quintero Camacho,EXP-FIC-1420/2022,CP-FIC-160/2022,Defraudación fiscal; Contra la salud (transporte),Ciudad de México,Primer Circuito,Juzgado Primero de Distrito de Procesos Penales Federales en la Ciudad de México,Centro de Reinserción Norte (ficticio),Solo por esta causa federal,,,2012-06-23,2022-02-17,Ordinario,Instrucción,Juzgado Primero de Distrito de Procesos Penales Federales en la Ciudad de México,,,Se desahogó la prueba testimonial ofrecida por la defensa.,2024-07-20,,,No,,,,,2026-09-01,Registro de prueba.
62,PER-0062,Roberto Cárdenas Medina,EXP-FIC-1427/2020,CP-FIC-161/2020,Operaciones con recursos de procedencia ilícita,Estado de México,Segundo Circuito,Juzgado Primero de Distrito en Materia Penal en el Estado de México,Centro Federal de Reinserción Región Centro (ficticio),Solo por esta causa federal,,,2012-04-20,2020-08-26,Ordinario,Segunda instancia (apelación),Tribunal Colegiado de Apelación del Segundo Circuito (Toca FIC-279/2025),2020-12-01,2021-02-08,Se admitió la apelación contra la sentencia de primera instancia; pendiente de resolución.,2025-07-25,2021-03-08,28,No,,,,,2026-09-01,Defensa pública federal (dato ficticio).
63,PER-0063,Roberto Solís Rangel,EXP-FIC-1434/2009,CP-FIC-162/2009,Contra la salud (posesión con fines de comercio); Delitos contra el ambiente,Jalisco,Tercer Circuito,Juzgado Primero de Distrito en Materia Penal en Jalisco,Centro Federal de Reinserción Occidente (ficticio),Solo por esta causa federal,,,2008-02-05,2009-06-09,Ordinario,Sentencia de primera instancia (plazo para apelar),Tribunal Colegiado de Apelación del Tercer Circuito (Toca FIC-213/2025),2013-05-08,2013-08-02,Se admitió la apelación contra la sentencia de primera instancia; pendiente de resolución.,2025-10-06,2015-01-09,24,No,,,,,2026-09-01,Defensa particular (dato ficticio).
64,PER-0064,Marco Antonio Aguilar Montes,EXP-FIC-1280/1997,CP-FIC-140/1997,Tráfico de personas; Defraudación fiscal,Ciudad de México,Primer Circuito,Juzgado Segundo de Distrito de Procesos Penales Federales en la Ciudad de México,Centro de Reinserción Norte (ficticio),Solo por esta causa federal,,,1996-08-13,1997-09-04,Ordinario,Reposición del procedimiento,Juzgado Segundo de Distrito de Procesos Penales Federales en la Ciudad de México,,,Se repuso el procedimiento a partir de la diligencia anulada.,2021-09-17,,,No,,,,,2026-09-01,Coimputado ficticio: comparte causa con otras PPL.
65,PER-0065,Mónica Ibarra Camacho,EXP-FIC-1448/2025,CP-FIC-164/2025,Falsificación de moneda,Sonora,Quinto Circuito,Juzgado Primero de Distrito en Sonora,Centro Estatal Costa Norte (ficticio),Por esta causa y por otra causa federal,Juzgado Segundo de Distrito en Sonora (otra causa federal),Sentenciada (no firme),2014-12-26,2025-11-13,Ordinario,Instrucción,Juzgado Primero de Distrito en Sonora,,,Se difirió la audiencia de careos por falta de traslado.,2025-12-14,,,Sí,2025-12-04,Se mantuvo la prisión preventiva,,,2026-09-01,Pendiente de traslado a otro centro (dato ficticio).
66,PER-0066,Beatriz Salazar Cárdenas,EXP-FIC-1455/2022,CP-FIC-165/2022,Delincuencia organizada,Puebla,Sexto Circuito,Juzgado Primero de Distrito en Materia Penal en Puebla,Centro Estatal de Reinserción Los Volcanes (ficticio),Por esta causa y por causa del fuero común,"Juzgado Penal de Primera Instancia en Puebla (fuero común, ficticio)",Sentenciada (no firme),2011-10-26,2022-02-03,Ordinario,Sentencia de primera instancia (plazo para apelar),Juzgado Primero de Distrito en Materia Penal en Puebla,2023-06-25,2023-08-24,Se dictó sentencia de primera instancia; corre el plazo para apelar.,2026-04-06,2024-04-11,56,No,,,,,2026-09-01,Cuenta con otra causa penal en trámite (dato ficticio).
67,PER-0067,Daniela Solís Lara,EXP-FIC-1462/2020,CP-FIC-166/2020,Operaciones con recursos de procedencia ilícita; Defraudación fiscal,Veracruz,Séptimo Circuito,Juzgado Primero de Distrito en Veracruz,Centro Federal de Reinserción Sureste (ficticio),Solo por esta causa federal,,,2012-11-08,2020-06-11,Ordinario,Sentencia de primera instancia (plazo para apelar),Juzgado Primero de Distrito en Veracruz,2022-11-06,2025-01-08,Se notificó la sentencia de primera instancia a las partes.,2026-05-21,2026-05-20,22,No,,,,,2026-09-01,Sin observaciones adicionales.
68,PER-0068,José Luis Hernández Ruiz,EXP-FIC-1469/2014,CP-FIC-167/2014,Delitos contra el ambiente,Michoacán,Décimo Primer Circuito,Juzgado Primero de Distrito en Michoacán,Centro Estatal de Reinserción Tierra Caliente (ficticio),Solo por esta causa federal,,,2011-10-07,2014-01-16,Ordinario,Segunda instancia (apelación),Tribunal Colegiado de Apelación del Décimo Primer Circuito (Toca FIC-170/2022),2018-01-30,2018-11-21,El tribunal de apelación señaló fecha para la vista.,2022-12-22,2019-07-07,36,Sí,2022-05-15,Se mantuvo la prisión preventiva,,,2026-09-01,Homonimia ficticia de prueba: existe otro registro con el mismo nombre y distinta causa.
69,PER-0069,Salvador Domínguez Palacios,EXP-FIC-1476/2004,CP-FIC-168/2004,Portación de arma de fuego de uso exclusivo,Sinaloa,Décimo Segundo Circuito,Juzgado Primero de Distrito en Sinaloa,Centro Federal de Reinserción Noroeste (ficticio),Por esta causa y por otra causa federal,Juzgado Segundo de Distrito en Sinaloa (otra causa federal),Sentenciada (no firme),2002-11-16,2004-05-14,Ordinario,Instrucción,Juzgado Primero de Distrito en Sinaloa,,,Se difirió la audiencia de careos por falta de traslado.,2004-05-29,,,No,,,,,2026-09-01,Pendiente de traslado a otro centro (dato ficticio).
70,PER-0070,Noemí Valencia Maldonado,EXP-FIC-1483/2025,CP-FIC-169/2025,Delitos contra el ambiente,Chihuahua,Décimo Séptimo Circuito,Juzgado Primero de Distrito en Chihuahua,Centro Federal de Reinserción Frontera (ficticio),Solo por causa del fuero común,"Juzgado Penal de Primera Instancia en Chihuahua (fuero común, ficticio)",En proceso,2015-01-15,2025-10-20,Ordinario,Instrucción agotada / cerrada,Juzgado Primero de Distrito en Chihuahua,2026-01-26,,Se puso la causa a la vista del Ministerio Público para formular conclusiones.,2026-02-03,,,No,,,,,2026-09-01,Se solicitó la revisión de la medida cautelar (dato ficticio).
71,PER-0071,Jorge Alberto Cordero Orozco,EXP-FIC-1490/2021,CP-FIC-170/2021,Contra la salud (transporte); Secuestro,Ciudad de México,Primer Circuito,Juzgado Segundo de Distrito de Procesos Penales Federales en la Ciudad de México,Centro de Reinserción Norte (ficticio),Solo por causa del fuero común,"Juzgado Penal de Primera Instancia en Ciudad de México (fuero común, ficticio)",En proceso,2013-09-14,2021-08-23,Ordinario,Segunda instancia (apelación),Tribunal Colegiado de Apelación del Primer Circuito (Toca FIC-103/2022),2021-11-26,2022-01-21,Se admitió la apelación contra la sentencia de primera instancia; pendiente de resolución.,2022-11-21,2022-11-11,43,No,,,,,2026-09-01,Se solicitó la revisión de la medida cautelar (dato ficticio).
72,PER-0072,Sergio Valencia Contreras,EXP-FIC-1497/2008,CP-FIC-171/2008,Delincuencia organizada,Estado de México,Segundo Circuito,Juzgado Segundo de Distrito en Materia Penal en el Estado de México,Centro Estatal Valle Alto (ficticio),Solo por esta causa federal,,,2006-06-15,2008-08-02,Ordinario,Segunda instancia (apelación),Tribunal Colegiado de Apelación del Segundo Circuito (Toca FIC-289/2017),2011-05-27,2012-06-10,El tribunal de apelación señaló fecha para la vista.,2017-06-30,2012-10-10,43,No,,,,,2026-09-01,Defensa particular (dato ficticio).
73,PER-0073,Fernando Galindo Ibarra,EXP-FIC-1504/2003,CP-FIC-172/2003,Acopio de armas; Robo de hidrocarburos,Jalisco,Tercer Circuito,Juzgado Segundo de Distrito en Materia Penal en Jalisco,Centro Estatal de Reinserción Los Altos (ficticio),Solo por esta causa federal,,,2001-09-08,,Ordinario,Reposición del procedimiento,Juzgado Segundo de Distrito en Materia Penal en Jalisco,,,Se repuso el procedimiento a partir de la diligencia anulada.,2009-09-04,,,Sí,2026-08-02,Se mantuvo la prisión preventiva,,,2026-09-01,Registro de prueba sin fecha de auto de formal prisión.
74,PER-0074,Iris Márquez Cárdenas,EXP-FIC-1511/2025,CP-FIC-173/2025,Operaciones con recursos de procedencia ilícita,Nuevo León,Cuarto Circuito,Juzgado Segundo de Distrito en Materia Penal en Nuevo León,Centro Federal de Reinserción Noreste (ficticio),Por esta causa y por causa del fuero común,"Juzgado Penal de Primera Instancia en Nuevo León (fuero común, ficticio)",En proceso,2015-02-10,2025-05-08,Ordinario,Instrucción,Juzgado Segundo de Distrito en Materia Penal en Nuevo León,,,Se admitieron las pruebas periciales ofrecidas por las partes.,2026-03-20,,,No,,,,,2026-09-01,Registro de prueba.
75,PER-0075,Carlos Iván Figueroa Sandoval,EXP-FIC-1518/2024,CP-FIC-174/2024,Contra la salud (posesión con fines de comercio),Sonora,Quinto Circuito,Juzgado Segundo de Distrito en Sonora,Centro Estatal Costa Norte (ficticio),Solo por esta causa federal,,,2015-09-29,2024-04-12,Ordinario,Instrucción,Juzgado Segundo de Distrito en Sonora,,,Se desahogó la prueba testimonial ofrecida por la defensa.,2025-02-13,,,No,,,,,2026-09-01,Defensa pública federal (dato ficticio).
76,PER-0076,Ximena Tapia Solís,EXP-FIC-1525/2020,CP-FIC-175/2020,Falsificación de moneda,Puebla,Sexto Circuito,Juzgado Segundo de Distrito en Materia Penal en Puebla,Centro Regional de Reinserción Sur (ficticio),Por esta causa y por causa del fuero común,"Juzgado Penal de Primera Instancia en Puebla (fuero común, ficticio)",En proceso,2011-04-16,2020-03-11,Ordinario,Segunda instancia (apelación),Tribunal Colegiado de Apelación del Sexto Circuito (Toca FIC-234/2024),2021-07-03,2021-12-13,Se admitió la apelación contra la sentencia de primera instancia; pendiente de resolución.,2024-07-29,2023-01-30,49,No,,,,,2026-09-01,Registro de prueba.
77,PER-0077,Fernando Mejía Medina,EXP-FIC-1532/2011,CP-FIC-176/2011,Defraudación fiscal,Veracruz,Séptimo Circuito,Juzgado Segundo de Distrito en Veracruz,Centro Federal de Reinserción Sureste (ficticio),Por esta causa y por causa del fuero común,"Juzgado Penal de Primera Instancia en Veracruz (fuero común, ficticio)",En proceso,2011-03-14,2011-05-26,Ordinario,Reposición del procedimiento,Juzgado Segundo de Distrito en Veracruz,,,El tribunal de apelación ordenó la reposición del procedimiento.,2021-12-30,,,No,,,,,2026-09-01,Cuenta con otra causa penal en trámite (dato ficticio).
78,PER-0078,César Peña Arellano,EXP-FIC-1539/1999,CP-FIC-177/1999,Tráfico de personas,Michoacán,Décimo Primer Circuito,Juzgado Segundo de Distrito en Michoacán,Centro Regional Lago Azul (ficticio),Solo por esta causa federal,,,1999-04-01,1999-05-27,Ordinario,Instrucción,Juzgado Segundo de Distrito en Michoacán,,,Se admitieron las pruebas periciales ofrecidas por las partes.,1999-08-21,,,No,,,,,2026-09-01,Defensa pública federal (dato ficticio).
79,PER-0079,María Fernanda López Castro,EXP-FIC-1546/2024,CP-FIC-178/2024,Falsificación de moneda; Contra la salud (posesión con fines de comercio),Sinaloa,Décimo Segundo Circuito,Juzgado Segundo de Distrito en Sinaloa,Centro Federal de Reinserción Noroeste (ficticio),Solo por esta causa federal,,,2013-03-30,2024-11-20,Ordinario,Audiencia de vista / citado para sentencia,Juzgado Segundo de Distrito en Sinaloa,2026-05-29,2026-06-15,Se celebró la audiencia de vista; el asunto quedó en estado de sentencia.,2026-07-06,,,Sí,2026-02-01,Se mantuvo la prisión preventiva,,,2026-09-01,Homonimia ficticia de prueba: existe otro registro con el mismo nombre y distinta causa.
80,PER-0080,Manuel Quintero Montes,EXP-FIC-1553/2024,CP-FIC-179/2024,Acopio de armas,Chihuahua,Décimo Séptimo Circuito,Juzgado Segundo de Distrito en Chihuahua,Centro Estatal de Reinserción Barrancas (ficticio),Solo por causa del fuero común,"Juzgado Penal de Primera Instancia en Chihuahua (fuero común, ficticio)",En proceso,2013-07-04,2024-09-06,Ordinario,Segunda instancia (apelación),Tribunal Colegiado de Apelación del Décimo Séptimo Circuito (Toca FIC-49/2026),2025-03-07,2026-04-16,El tribunal de apelación señaló fecha para la vista.,2026-09-15,2026-06-29,36,No,,,,,2026-09-01,Defensa pública federal (dato ficticio).
81,PER-0081,Noemí Zamora Delgado,EXP-FIC-1560/2015,CP-FIC-180/2015,Delincuencia organizada; Acopio de armas,Ciudad de México,Primer Circuito,Juzgado Tercero de Distrito de Procesos Penales Federales en la Ciudad de México,Centro de Reinserción Oriente (ficticio),Por esta causa y por causa del fuero común,"Juzgado Penal de Primera Instancia en Ciudad de México (fuero común, ficticio)",Sentenciada (no firme),2013-05-20,2015-09-20,Ordinario,Segunda instancia (apelación),Tribunal Colegiado de Apelación del Primer Circuito (Toca FIC-34/2022),2016-03-23,2018-03-20,Se admitió la apelación contra la sentencia de primera instancia; pendiente de resolución.,2022-04-17,2019-10-19,19,No,,,,,2026-09-01,Defensa particular (dato ficticio).
82,PER-0082,Marco Antonio Cárdenas Márquez,EXP-FIC-1567/2002,CP-FIC-181/2002,Defraudación fiscal,Estado de México,Segundo Circuito,Juzgado Tercero de Distrito en Materia Penal en el Estado de México,Centro Federal de Reinserción Región Centro (ficticio),Solo por esta causa federal,,,2001-10-28,2002-05-16,Ordinario,Reposición del procedimiento,Juzgado Tercero de Distrito en Materia Penal en el Estado de México,,,El tribunal de apelación ordenó la reposición del procedimiento.,2005-08-29,,,No,,,,,2026-09-01,Defensa particular (dato ficticio).
83,PER-0083,Cecilia Miranda Cárdenas,EXP-FIC-1574/2025,CP-FIC-182/2025,Tráfico de personas,Jalisco,Tercer Circuito,Juzgado Tercero de Distrito en Materia Penal en Jalisco,Centro Federal de Reinserción Occidente (ficticio),Solo por esta causa federal,,,2013-04-12,2025-12-05,Ordinario,Instrucción,Juzgado Tercero de Distrito en Materia Penal en Jalisco,,,Se difirió la audiencia de careos por falta de traslado.,2026-09-05,,,No,,,,,2026-09-01,Pendiente de traslado a otro centro (dato ficticio).
84,PER-0084,Rodrigo Maldonado Montes,EXP-FIC-1581/2024,CP-FIC-183/2024,Secuestro; Defraudación fiscal,Nuevo León,Cuarto Circuito,Juzgado Primero de Distrito en Materia Penal en Nuevo León,Centro Estatal de Reinserción Sierra Madre (ficticio),Solo por esta causa federal,,,2013-10-02,2024-07-12,Ordinario,Sentencia de primera instancia (plazo para apelar),Tribunal Colegiado de Apelación del Cuarto Circuito (Toca FIC-224/2026),2024-10-10,2024-10-30,Se admitió la apelación contra la sentencia de primera instancia; pendiente de resolución.,2026-04-28,2024-12-16,20,No,,,,,2026-09-01,Defensa pública federal (dato ficticio).
85,PER-0085,Manuel Robles Garza,EXP-FIC-1588/2019,CP-FIC-184/2019,Falsificación de moneda,Sonora,Quinto Circuito,Juzgado Primero de Distrito en Sonora,Centro Estatal Costa Norte (ficticio),Solo por causa del fuero común,"Juzgado Penal de Primera Instancia en Sonora (fuero común, ficticio)",Sentenciada (no firme),2012-04-17,2019-02-23,Ordinario,Segunda instancia (apelación),Tribunal Colegiado de Apelación del Quinto Circuito (Toca FIC-297/2024),2020-02-25,2022-08-05,El tribunal de apelación señaló fecha para la vista.,2024-02-05,2023-01-13,48,Sí,2021-04-07,Pendiente de resolver,,,2026-09-01,Defensa pública federal (dato ficticio).
86,PER-0086,Juan Pablo Garza Cervantes,EXP-FIC-1595/2015,CP-FIC-185/2015,Acopio de armas; Falsificación de moneda,Puebla,Sexto Circuito,Juzgado Primero de Distrito en Materia Penal en Puebla,Centro Estatal de Reinserción Los Volcanes (ficticio),Por esta causa y por causa del fuero común,"Juzgado Penal de Primera Instancia en Puebla (fuero común, ficticio)",En proceso,2014-07-06,2015-03-27,Ordinario,Segunda instancia (apelación),Tribunal Colegiado de Apelación del Sexto Circuito (Toca FIC-52/2025),2022-09-07,2023-02-09,El tribunal de apelación señaló fecha para la vista.,2025-07-31,2025-01-20,32,No,,,,,2026-09-01,Defensa pública federal (dato ficticio).
87,PER-0087,Isaac Barrios Cabrera,EXP-FIC-1602/2004,CP-FIC-186/2004,Contra la salud (posesión con fines de comercio); Tráfico de personas,Veracruz,Séptimo Circuito,Juzgado Tercero de Distrito en Veracruz,Centro Estatal de Reinserción Golfo (ficticio),Solo por esta causa federal,,,2003-07-13,2004-01-13,Ordinario,Segunda instancia (apelación),Tribunal Colegiado de Apelación del Séptimo Circuito (Toca FIC-223/2024),2014-09-01,2015-01-16,Se admitió la apelación contra la sentencia de primera instancia; pendiente de resolución.,2024-05-03,2016-01-30,58,No,,,,,2026-09-01,Cuenta con otra causa penal en trámite (dato ficticio).
88,PER-0088,Karina Solís Orozco,EXP-FIC-1609/2025,CP-FIC-187/2025,Contra la salud (transporte),Michoacán,Décimo Primer Circuito,Juzgado Primero de Distrito en Michoacán,Centro Regional Lago Azul (ficticio),Solo por esta causa federal,,,2015-02-17,2025-03-21,Ordinario,Instrucción,Juzgado Primero de Distrito en Michoacán,,,Se difirió la audiencia de careos por falta de traslado.,2026-06-26,,,No,,,,,2026-09-01,Cuenta con otra causa penal en trámite (dato ficticio).
89,PER-0089,Tomás Salazar Campos,EXP-FIC-1616/2024,CP-FIC-188/2024,Falsificación de moneda,Sinaloa,Décimo Segundo Circuito,Juzgado Primero de Distrito en Sinaloa,Centro Federal de Reinserción Noroeste (ficticio),Por esta causa y por otra causa federal,Juzgado Segundo de Distrito en Sinaloa (otra causa federal),Sentenciada (no firme),2015-10-05,2024-01-01,Sumario,Conclusiones,Juzgado Primero de Distrito en Sinaloa,2025-10-18,,El Ministerio Público formuló conclusiones acusatorias; vista a la defensa.,2026-07-31,,,No,,,,,2026-09-01,Defensa particular (dato ficticio).
90,PER-0090,Juan Pablo Ramírez Soto,EXP-FIC-1623/2020,CP-FIC-189/2020,Robo de hidrocarburos,Chihuahua,Décimo Séptimo Circuito,Juzgado Primero de Distrito en Chihuahua,Centro Estatal de Reinserción Barrancas (ficticio),Por esta causa y por causa del fuero común,"Juzgado Penal de Primera Instancia en Chihuahua (fuero común, ficticio)",Sentenciada (no firme),2014-12-18,2020-04-04,Ordinario,Segunda instancia (apelación),Tribunal Colegiado de Apelación del Décimo Séptimo Circuito (Toca FIC-108/2026),2023-05-10,2024-03-01,Se admitió la apelación contra la sentencia de primera instancia; pendiente de resolución.,2026-06-17,2025-03-04,6,No,,,,,2026-09-01,Homonimia ficticia de prueba: existe otro registro con el mismo nombre y distinta causa.
91,PER-0091,Hilda Galindo Miranda,EXP-FIC-1630/2005,CP-FIC-190/2005,Falsificación de moneda; Acopio de armas,Ciudad de México,Primer Circuito,Juzgado Primero de Distrito de Procesos Penales Federales en la Ciudad de México,Centro de Reinserción Norte (ficticio),Solo por esta causa federal,,,2003-07-12,2005-01-28,Ordinario,Segunda instancia (apelación),Tribunal Colegiado de Apelación del Primer Circuito (Toca FIC-47/2026),2007-04-16,2013-10-06,Se admitió la apelación contra la sentencia de primera instancia; pendiente de resolución.,2026-05-20,2019-03-18,36,No,,,,,2026-09-01,Cuenta con otra causa penal en trámite (dato ficticio).
92,PER-0092,Gustavo Arellano Alvarado,EXP-FIC-1637/2026,CP-FIC-191/2026,Falsificación de moneda,Estado de México,Segundo Circuito,Juzgado Primero de Distrito en Materia Penal en el Estado de México,Centro Estatal Valle Alto (ficticio),Solo por esta causa federal,,,2015-01-07,2026-05-25,Ordinario,Audiencia de vista / citado para sentencia,Juzgado Primero de Distrito en Materia Penal en el Estado de México,2026-08-23,2026-09-08,Se celebró la audiencia de vista; el asunto quedó en estado de sentencia.,2026-09-19,,,No,,,,,2026-09-01,Defensa particular (dato ficticio).
93,PER-0093,Sergio Cabrera Aguilar,EXP-FIC-1644/2024,CP-FIC-192/2024,Delincuencia organizada,Jalisco,Tercer Circuito,Juzgado Primero de Distrito en Materia Penal en Jalisco,Centro Federal de Reinserción Occidente (ficticio),Solo por causa del fuero común,"Juzgado Penal de Primera Instancia en Jalisco (fuero común, ficticio)",En proceso,2013-05-25,2024-09-24,Sumario,Instrucción,Juzgado Primero de Distrito en Materia Penal en Jalisco,,,Se ordenó girar exhorto para el desahogo de una diligencia.,2025-02-23,,,No,,,,,2026-09-01,Se solicitó la revisión de la medida cautelar (dato ficticio).
94,PER-0094,Edgar Domínguez Aguilar,EXP-FIC-1651/2020,CP-FIC-193/2020,Operaciones con recursos de procedencia ilícita; Delincuencia organizada,Nuevo León,Cuarto Circuito,Juzgado Segundo de Distrito en Materia Penal en Nuevo León,Centro Estatal de Reinserción Sierra Madre (ficticio),Por esta causa y por otra causa federal,Juzgado Primero de Distrito en Materia Penal en Nuevo León (otra causa federal),Sentenciada (no firme),2014-09-13,2020-09-02,Ordinario,Segunda instancia (apelación),Tribunal Colegiado de Apelación del Cuarto Circuito (Toca FIC-33/2022),2021-08-20,2021-12-30,Se admitió la apelación contra la sentencia de primera instancia; pendiente de resolución.,2022-04-15,2022-03-03,23,No,,,,,2026-09-01,Defensa particular (dato ficticio).
95,PER-0095,Julián Arellano Maldonado,EXP-FIC-1658/2014,CP-FIC-194/2014,Delitos contra el ambiente,Sonora,Quinto Circuito,Juzgado Segundo de Distrito en Sonora,Centro Federal de Reinserción Desierto (ficticio),Por esta causa y por causa del fuero común,"Juzgado Penal de Primera Instancia en Sonora (fuero común, ficticio)",En proceso,2013-04-22,2014-04-11,Ordinario,Reposición del procedimiento,Juzgado Segundo de Distrito en Sonora,,,Se repuso el procedimiento a partir de la diligencia anulada.,2019-10-17,,,No,,,,,2026-09-01,Defensa pública federal (dato ficticio).
96,PER-0096,José Luis Hernández Ríos,EXP-FIC-1665/2001,CP-FIC-195/2001,Tráfico de personas,Puebla,Sexto Circuito,Juzgado Segundo de Distrito en Materia Penal en Puebla,Centro Regional de Reinserción Sur (ficticio),Solo por esta causa federal,,,2000-11-28,2001-12-14,Ordinario,Segunda instancia (apelación),Tribunal Colegiado de Apelación del Sexto Circuito (Toca FIC-172/2025),2002-04-02,2002-07-09,El tribunal de apelación señaló fecha para la vista.,2025-02-07,2002-10-26,58,No,,,,,2026-09-01,"Nombre ficticio similar a otro registro, para probar búsquedas ambiguas."
97,PER-0097,Hugo Valdez Galindo,EXP-FIC-1672/2025,CP-FIC-196/2025,Contra la salud (posesión con fines de comercio),Veracruz,Séptimo Circuito,Juzgado Primero de Distrito en Veracruz,Centro Federal de Reinserción Sureste (ficticio),Solo por esta causa federal,,,2012-05-06,2025-01-26,Ordinario,Sentencia de primera instancia (plazo para apelar),Juzgado Primero de Distrito en Veracruz,2025-06-04,2025-06-26,Se dictó sentencia de primera instancia; corre el plazo para apelar.,2025-12-14,2025-08-30,41,Sí,2025-12-18,Pendiente de resolver,,,2026-09-01,Registro de prueba.
98,PER-0098,Patricia Villaseñor Miranda,EXP-FIC-1679/2022,CP-FIC-197/2022,Tráfico de personas,Michoacán,Décimo Primer Circuito,Juzgado Segundo de Distrito en Michoacán,Centro Estatal de Reinserción Tierra Caliente (ficticio),Solo por esta causa federal,,,2013-03-13,2022-02-26,Ordinario,Segunda instancia (apelación),Tribunal Colegiado de Apelación del Décimo Primer Circuito (Toca FIC-67/2025),2022-12-11,2023-05-23,Se admitió la apelación contra la sentencia de primera instancia; pendiente de resolución.,2025-06-30,2024-02-25,6,No,,,,,2026-09-01,Se solicitó la revisión de la medida cautelar (dato ficticio).
99,PER-0099,Bruno Domínguez Espinoza,EXP-FIC-1686/2019,CP-FIC-198/2019,Acopio de armas; Delincuencia organizada,Sinaloa,Décimo Segundo Circuito,Juzgado Segundo de Distrito en Sinaloa,Centro Estatal de Reinserción Pacífico (ficticio),Solo por esta causa federal,,,2015-08-11,2019-03-17,Ordinario,Segunda instancia (apelación),Tribunal Colegiado de Apelación del Décimo Segundo Circuito (Toca FIC-241/2024),2019-06-21,2020-11-18,Se admitió la apelación contra la sentencia de primera instancia; pendiente de resolución.,2024-07-16,2022-10-25,52,No,,,,,2026-09-01,Defensa pública federal (dato ficticio).
100,PER-0100,Patricia Cordero Campos,EXP-FIC-1693/2008,CP-FIC-199/2008,Secuestro; Defraudación fiscal,Chihuahua,Décimo Séptimo Circuito,Juzgado Segundo de Distrito en Chihuahua,Centro Federal de Reinserción Frontera (ficticio),Solo por esta causa federal,,,2006-03-13,2008-07-19,Ordinario,Segunda instancia (apelación),Tribunal Colegiado de Apelación del Décimo Séptimo Circuito (Toca FIC-176/2016),2011-09-22,2012-05-06,El tribunal de apelación señaló fecha para la vista.,2016-08-18,2013-02-09,41,No,,,,,2026-09-01,Cuenta con otra causa penal en trámite (dato ficticio).
101,PER-0101,Diego Arellano Figueroa,EXP-FIC-1700/2025,CP-FIC-200/2025,Contra la salud (posesión con fines de comercio),Ciudad de México,Primer Circuito,Juzgado Segundo de Distrito de Procesos Penales Federales en la Ciudad de México,Centro de Reinserción Norte (ficticio),Solo por esta causa federal,,,2013-07-20,2025-04-04,Sumario,Instrucción,Juzgado Segundo de Distrito de Procesos Penales Federales en la Ciudad de México,,,Se desahogó la prueba testimonial ofrecida por la defensa.,2025-06-08,,,No,,,,,2026-09-01,Defensa pública federal (dato ficticio).
102,PER-0102,César Orozco Zamora,EXP-FIC-1707/2022,CP-FIC-201/2022,Delincuencia organizada,Estado de México,Segundo Circuito,Juzgado Segundo de Distrito en Materia Penal en el Estado de México,Centro Estatal Valle Alto (ficticio),Solo por esta causa federal,,,2016-01-26,2022-07-04,Ordinario,Segunda instancia (apelación),Tribunal Colegiado de Apelación del Segundo Circuito (Toca FIC-215/2026),2024-07-18,2024-09-09,Se admitió la apelación contra la sentencia de primera instancia; pendiente de resolución.,2026-06-20,2024-12-23,17,Sí,2026-09-02,Pendiente de resolver,,,2026-09-01,Cuenta con otra causa penal en trámite (dato ficticio).
103,PER-0103,Marco Antonio Salazar Figueroa,EXP-FIC-1714/2018,CP-FIC-202/2018,Contra la salud (posesión con fines de comercio),Jalisco,Tercer Circuito,Juzgado Segundo de Distrito en Materia Penal en Jalisco,Centro Estatal de Reinserción Los Altos (ficticio),Por esta causa y por otra causa federal,Juzgado Tercero de Distrito en Materia Penal en Jalisco (otra causa federal),Sentenciada (no firme),2014-11-15,2018-05-06,Sumario,Segunda instancia (apelación),Tribunal Colegiado de Apelación del Tercer Circuito (Toca FIC-154/2026),2021-06-25,2023-04-19,Se admitió la apelación contra la sentencia de primera instancia; pendiente de resolución.,2026-02-24,2024-10-31,14,No,,,,,2026-09-01,Promovió amparo indirecto contra la prisión preventiva (dato ficticio).
104,PER-0104,Gustavo Alvarado Cervantes,EXP-FIC-1721/2014,CP-FIC-203/2014,Tráfico de personas; Operaciones con recursos de procedencia ilícita,Nuevo León,Cuarto Circuito,Juzgado Primero de Distrito en Materia Penal en Nuevo León,Centro Estatal de Reinserción Sierra Madre (ficticio),Solo por esta causa federal,,,2013-01-15,2014-03-19,Ordinario,Segunda instancia (apelación),Tribunal Colegiado de Apelación del Cuarto Circuito (Toca FIC-270/2019),2016-12-20,2017-06-13,El tribunal de apelación señaló fecha para la vista.,2019-03-01,2017-08-29,53,No,,,,,2026-09-01,Se solicitó la revisión de la medida cautelar (dato ficticio).
105,PER-0105,José Luis Fernández Ruiz,EXP-FIC-1728/2000,CP-FIC-204/2000,Falsificación de moneda,Sonora,Quinto Circuito,Juzgado Primero de Distrito en Sonora,Centro Federal de Reinserción Desierto (ficticio),Solo por causa del fuero común,"Juzgado Penal de Primera Instancia en Sonora (fuero común, ficticio)",Sentenciada (no firme),1999-04-27,2000-02-08,Ordinario,Segunda instancia (apelación),Tribunal Colegiado de Apelación del Quinto Circuito (Toca FIC-143/2010),2005-06-18,2005-07-26,Se admitió la apelación contra la sentencia de primera instancia; pendiente de resolución.,2010-02-27,2006-09-09,19,Sí,2026-09-25,Se mantuvo la prisión preventiva,,,2026-09-01,"Nombre ficticio similar a otro registro, para probar búsquedas ambiguas."
106,PER-0106,Salvador Bautista Quintero,EXP-FIC-1735/2024,CP-FIC-205/2024,Operaciones con recursos de procedencia ilícita,Puebla,Sexto Circuito,Juzgado Primero de Distrito en Materia Penal en Puebla,Centro Estatal de Reinserción Los Volcanes (ficticio),Solo por esta causa federal,,,2011-06-26,2024-12-29,Sumario,Audiencia de vista / citado para sentencia,Juzgado Primero de Distrito en Materia Penal en Puebla,2026-03-02,2026-04-08,Se celebró la audiencia de vista; el asunto quedó en estado de sentencia.,2026-05-01,,,No,,,,,2026-09-01,Se solicitó la revisión de la medida cautelar (dato ficticio).
107,PER-0107,Rodrigo Ibarra Espinoza,EXP-FIC-1742/2023,CP-FIC-206/2023,Acopio de armas,Veracruz,Séptimo Circuito,Juzgado Segundo de Distrito en Veracruz,Centro Estatal de Reinserción Golfo (ficticio),Solo por esta causa federal,,,2014-11-22,2023-07-28,Ordinario,Reposición del procedimiento,Juzgado Segundo de Distrito en Veracruz,,,El tribunal de apelación ordenó la reposición del procedimiento.,2024-07-06,,,No,,,,,2026-09-01,Registro de prueba.
108,PER-0108,Lorena Mejía Sandoval,EXP-FIC-1749/2019,CP-FIC-207/2019,Portación de arma de fuego de uso exclusivo; Defraudación fiscal,Michoacán,Décimo Primer Circuito,Juzgado Primero de Distrito en Michoacán,Centro Regional Lago Azul (ficticio),Solo por esta causa federal,,,2015-07-05,2019-07-17,Ordinario,Audiencia de vista / citado para sentencia,Juzgado Primero de Distrito en Michoacán,2025-01-08,2025-07-29,Se citó a la audiencia de vista.,2025-09-25,,,Sí,2023-05-26,Se mantuvo la prisión preventiva,,,2026-09-01,Pendiente de traslado a otro centro (dato ficticio).
109,PER-0109,Raúl Zavala Maldonado,EXP-FIC-1756/2008,CP-FIC-208/2008,Operaciones con recursos de procedencia ilícita,Sinaloa,Décimo Segundo Circuito,Juzgado Primero de Distrito en Sinaloa,Centro Federal de Reinserción Noroeste (ficticio),Solo por esta causa federal,,,2007-03-03,2008-02-18,Ordinario,Segunda instancia (apelación),Tribunal Colegiado de Apelación del Décimo Segundo Circuito (Toca FIC-85/2021),2018-06-13,2018-11-23,El tribunal de apelación señaló fecha para la vista.,2021-11-06,2019-06-04,10,Sí,2018-03-13,Pendiente de resolver,,,2026-09-01,Promovió amparo indirecto contra la prisión preventiva (dato ficticio).
110,PER-0110,Mónica Figueroa Barrios,EXP-FIC-1763/2002,CP-FIC-209/2002,Portación de arma de fuego de uso exclusivo,Chihuahua,Décimo Séptimo Circuito,Juzgado Primero de Distrito en Chihuahua,Centro Federal de Reinserción Frontera (ficticio),Solo por esta causa federal,,,2001-02-24,2002-04-12,Ordinario,Procedimiento suspendido (art. 468),Juzgado Primero de Distrito en Chihuahua,,,"Se suspendió el procedimiento por incapacidad mental sobrevenida del procesado (art. 468, fracc. III).",2016-01-05,,,No,,,,,2026-09-01,Sin observaciones adicionales.
111,PER-0111,Salvador Cabrera Estrada,EXP-FIC-1770/2022,CP-FIC-210/2022,Tráfico de personas,Ciudad de México,Primer Circuito,Juzgado Tercero de Distrito de Procesos Penales Federales en la Ciudad de México,Centro de Reinserción Norte (ficticio),Solo por esta causa federal,,,2015-02-27,2022-12-08,Sumario,Instrucción,Juzgado Tercero de Distrito de Procesos Penales Federales en la Ciudad de México,,,Se admitieron las pruebas periciales ofrecidas por las partes.,2025-07-31,,,Sí,2023-04-07,Se mantuvo la prisión preventiva,,,2026-09-01,Promovió amparo indirecto contra la prisión preventiva (dato ficticio).
112,PER-0112,Fernando Orozco Lozano,EXP-FIC-1777/2018,CP-FIC-211/2018,Contra la salud (posesión con fines de comercio); Portación de arma de fuego de uso exclusivo,Estado de México,Segundo Circuito,Juzgado Tercero de Distrito en Materia Penal en el Estado de México,Centro Estatal Valle Alto (ficticio),Compurga pena por otra causa,Juzgado de Distrito Especializado en Ejecución en Estado de México (ficticio),Compurgando pena,2014-07-21,2018-07-01,Ordinario,Segunda instancia (apelación),Tribunal Colegiado de Apelación del Segundo Circuito (Toca FIC-2/2024),2019-04-24,2019-05-16,Se admitió la apelación contra la sentencia de primera instancia; pendiente de resolución.,2024-03-08,2019-06-25,23,No,,,,,2026-09-01,Sin observaciones adicionales.
113,PER-0113,Lorena Contreras Bautista,EXP-FIC-1784/2014,CP-FIC-212/2014,Delitos contra el ambiente; Contra la salud (posesión con fines de comercio),Jalisco,Tercer Circuito,Juzgado Tercero de Distrito en Materia Penal en Jalisco,Centro Estatal de Reinserción Los Altos (ficticio),Solo por esta causa federal,,,2013-09-12,2014-03-19,Ordinario,Instrucción,Juzgado Tercero de Distrito en Materia Penal en Jalisco,,,Se admitieron las pruebas periciales ofrecidas por las partes.,2022-05-06,,,No,,,,,2026-09-01,Pendiente de traslado a otro centro (dato ficticio).
114,PER-0114,María Fernanda López Castillo,EXP-FIC-1791/2004,CP-FIC-213/2004,Acopio de armas; Tráfico de personas,Nuevo León,Cuarto Circuito,Juzgado Segundo de Distrito en Materia Penal en Nuevo León,Centro Estatal de Reinserción Sierra Madre (ficticio),Por esta causa y por otra causa federal,Juzgado Primero de Distrito en Materia Penal en Nuevo León (otra causa federal),Sentenciada (no firme),2003-03-12,2004-02-14,Ordinario,Segunda instancia (apelación),Tribunal Colegiado de Apelación del Cuarto Circuito (Toca FIC-221/2025),2023-07-11,2024-04-22,Se admitió la apelación contra la sentencia de primera instancia; pendiente de resolución.,2025-08-08,2024-09-04,41,No,,,,,2026-09-01,"Nombre ficticio similar a otro registro, para probar búsquedas ambiguas."
115,PER-0115,Diego Garza Fuentes,EXP-FIC-1798/2025,CP-FIC-214/2025,Tráfico de personas,Sonora,Quinto Circuito,Juzgado Segundo de Distrito en Sonora,Centro Federal de Reinserción Desierto (ficticio),Solo por esta causa federal,,,2015-06-27,2025-10-25,Ordinario,Audiencia de vista / citado para sentencia,Juzgado Segundo de Distrito en Sonora,2026-01-27,2026-04-04,Se citó a la audiencia de vista.,2026-09-27,,,No,,,,,2026-09-01,Defensa pública federal (dato ficticio).
116,PER-0116,Gerardo Espinoza Camacho,EXP-FIC-1805/2024,CP-FIC-215/2024,Secuestro,Puebla,Sexto Circuito,Juzgado Segundo de Distrito en Materia Penal en Puebla,Centro Estatal de Reinserción Los Volcanes (ficticio),Solo por esta causa federal,,,2012-02-01,2024-03-07,Ordinario,Audiencia de vista / citado para sentencia,Juzgado Segundo de Distrito en Materia Penal en Puebla,2024-12-23,2025-09-11,Se citó a la audiencia de vista.,2026-06-02,,,No,,,,,2026-09-01,Defensa pública federal (dato ficticio).
117,PER-0117,Manuel Barrios Cárdenas,EXP-FIC-1812/2018,CP-FIC-216/2018,Tráfico de personas; Portación de arma de fuego de uso exclusivo,Veracruz,Séptimo Circuito,Juzgado Tercero de Distrito en Veracruz,Centro Federal de Reinserción Sureste (ficticio),Solo por esta causa federal,,,2015-09-09,2018-10-22,Ordinario,Segunda instancia (apelación),Tribunal Colegiado de Apelación del Séptimo Circuito (Toca FIC-2/2026),2020-01-12,2021-05-19,Se admitió la apelación contra la sentencia de primera instancia; pendiente de resolución.,2026-08-07,2025-06-19,7,No,,,,,2026-09-01,Promovió amparo indirecto contra la prisión preventiva (dato ficticio).
118,PER-0118,Daniela Castañeda Trejo,EXP-FIC-1819/2014,CP-FIC-217/2014,Portación de arma de fuego de uso exclusivo,Michoacán,Décimo Primer Circuito,Juzgado Segundo de Distrito en Michoacán,Centro Regional Lago Azul (ficticio),Compurga pena por otra causa,"Juzgado de Ejecución en Michoacán (fuero común, ficticio)",Compurgando pena,2014-07-16,2014-11-27,Ordinario,Reposición del procedimiento,Juzgado Segundo de Distrito en Michoacán,,,Se repuso el procedimiento a partir de la diligencia anulada.,2018-02-01,,,No,,,,,2026-09-01,Registro de prueba.
119,PER-0119,Gabriel Domínguez Rosales,EXP-FIC-1826/2000,CP-FIC-218/2000,Tráfico de personas,Sinaloa,Décimo Segundo Circuito,Juzgado Segundo de Distrito en Sinaloa,Centro Federal de Reinserción Noroeste (ficticio),Solo por esta causa federal,,,1999-07-09,2000-12-14,Ordinario,Reposición del procedimiento,Juzgado Segundo de Distrito en Sinaloa,,,Se repuso el procedimiento a partir de la diligencia anulada.,2002-03-17,,,No,,,,,2026-09-01,Sin observaciones adicionales.
120,PER-0120,Mauricio Valdez Valencia,EXP-FIC-1833/2025,CP-FIC-219/2025,Contra la salud (transporte),Chihuahua,Décimo Séptimo Circuito,Juzgado Segundo de Distrito en Chihuahua,Centro Federal de Reinserción Frontera (ficticio),Solo por causa del fuero común,"Juzgado Penal de Primera Instancia en Chihuahua (fuero común, ficticio)",Sentenciada (no firme),2014-10-28,2025-08-31,Ordinario,Instrucción,Juzgado Segundo de Distrito en Chihuahua,,,Se desahogó la prueba testimonial ofrecida por la defensa.,2026-06-23,,,No,,,,,2026-09-01,Defensa pública federal (dato ficticio).
121,PER-0121,Alma Delia Escobar Lozano,EXP-FIC-1840/2018,CP-FIC-220/2018,Falsificación de moneda,Ciudad de México,Primer Circuito,Juzgado Primero de Distrito de Procesos Penales Federales en la Ciudad de México,Centro de Reinserción Oriente (ficticio),Solo por esta causa federal,,,2015-12-20,2018-05-21,Ordinario,Segunda instancia (apelación),Tribunal Colegiado de Apelación del Primer Circuito (Toca FIC-241/2025),2019-08-04,2021-08-21,Se admitió la apelación contra la sentencia de primera instancia; pendiente de resolución.,2025-11-17,2022-02-11,34,No,,,,,2026-09-01,Pendiente de traslado a otro centro (dato ficticio).
122,PER-0122,Rodrigo Rosales Zavala,EXP-FIC-1847/2008,CP-FIC-221/2008,Portación de arma de fuego de uso exclusivo; Secuestro,Estado de México,Segundo Circuito,Juzgado Primero de Distrito en Materia Penal en el Estado de México,Centro Estatal Valle Alto (ficticio),Solo por esta causa federal,,,2006-10-25,2008-09-03,Ordinario,Sentencia de primera instancia (plazo para apelar),Juzgado Primero de Distrito en Materia Penal en el Estado de México,2009-05-23,2009-10-19,Se notificó la sentencia de primera instancia a las partes.,2010-03-08,2009-12-02,59,No,,,,,2026-09-01,Cuenta con otra causa penal en trámite (dato ficticio).
123,PER-0123,Esteban Castañeda Escobar,EXP-FIC-1854/1999,CP-FIC-222/1999,Contra la salud (posesión con fines de comercio),Jalisco,Tercer Circuito,Juzgado Primero de Distrito en Materia Penal en Jalisco,Centro Federal de Reinserción Occidente (ficticio),Solo por esta causa federal,,,1997-03-27,1999-07-13,Ordinario,Reposición del procedimiento,Juzgado Primero de Distrito en Materia Penal en Jalisco,,,El tribunal de apelación ordenó la reposición del procedimiento.,2022-08-17,,,No,,,,,2026-09-01,Promovió amparo indirecto contra la prisión preventiva (dato ficticio).
124,PER-0124,Mónica Cárdenas Miranda,EXP-FIC-1861/2026,CP-FIC-223/2026,Contra la salud (transporte),Nuevo León,Cuarto Circuito,Juzgado Primero de Distrito en Materia Penal en Nuevo León,Centro Federal de Reinserción Noreste (ficticio),Solo por causa del fuero común,"Juzgado Penal de Primera Instancia en Nuevo León (fuero común, ficticio)",En proceso,2014-04-07,2026-03-22,Ordinario,Instrucción agotada / cerrada,Juzgado Primero de Distrito en Materia Penal en Nuevo León,2026-06-27,,Se declaró cerrada la instrucción.,2026-07-28,,,No,,,,,2026-09-01,Pendiente de traslado a otro centro (dato ficticio).
125,PER-0125,Yolanda Gallardo Valdez,EXP-FIC-1868/2024,CP-FIC-224/2024,Tráfico de personas; Delincuencia organizada,Sonora,Quinto Circuito,Juzgado Primero de Distrito en Sonora,Centro Estatal Costa Norte (ficticio),Solo por causa del fuero común,"Juzgado Penal de Primera Instancia en Sonora (fuero común, ficticio)",Sentenciada (no firme),2013-12-31,2024-03-10,Ordinario,Reposición del procedimiento,Juzgado Primero de Distrito en Sonora,,,El tribunal de apelación ordenó la reposición del procedimiento.,2025-08-03,,,No,,,,,2026-09-01,Registro de prueba.
126,PER-0126,Omar Ibarra Gallardo,EXP-FIC-1875/2017,CP-FIC-225/2017,Delitos contra el ambiente,Puebla,Sexto Circuito,Juzgado Primero de Distrito en Materia Penal en Puebla,Centro Regional de Reinserción Sur (ficticio),Por esta causa y por causa del fuero común,"Juzgado Penal de Primera Instancia en Puebla (fuero común, ficticio)",Sentenciada (no firme),2011-11-19,2017-03-09,Ordinario,Segunda instancia (apelación),Tribunal Colegiado de Apelación del Sexto Circuito (Toca FIC-21/2025),2022-09-26,2023-02-05,Se admitió la apelación contra la sentencia de primera instancia; pendiente de resolución.,2025-07-05,2023-04-18,48,No,,,,,2026-09-01,Promovió amparo indirecto contra la prisión preventiva (dato ficticio).
127,PER-0127,Raúl Ochoa Benítez,EXP-FIC-1882/2009,CP-FIC-226/2009,Falsificación de moneda; Portación de arma de fuego de uso exclusivo,Veracruz,Séptimo Circuito,Juzgado Primero de Distrito en Veracruz,Centro Estatal de Reinserción Golfo (ficticio),Solo por esta causa federal,,,2007-06-30,2009-10-28,Sumario,Segunda instancia (apelación),Tribunal Colegiado de Apelación del Séptimo Circuito (Toca FIC-202/2025),2015-01-22,2015-04-24,El tribunal de apelación señaló fecha para la vista.,2025-06-13,2015-09-18,29,No,,,,,2026-09-01,Defensa pública federal (dato ficticio).
128,PER-0128,María Fernanda Rangel Figueroa,EXP-FIC-1889/2004,CP-FIC-227/2004,Operaciones con recursos de procedencia ilícita,Michoacán,Décimo Primer Circuito,Juzgado Primero de Distrito en Michoacán,Centro Regional Lago Azul (ficticio),Solo por esta causa federal,,,2003-12-04,2004-05-17,Ordinario,Reposición del procedimiento,Juzgado Primero de Distrito en Michoacán,,,Se repuso el procedimiento a partir de la diligencia anulada.,2008-04-22,,,No,,,,,2026-09-01,Pendiente de traslado a otro centro (dato ficticio).
129,PER-0129,Víctor Hugo Contreras Solís,EXP-FIC-1896/2025,CP-FIC-228/2025,Secuestro; Defraudación fiscal,Sinaloa,Décimo Segundo Circuito,Juzgado Primero de Distrito en Sinaloa,Centro Federal de Reinserción Noroeste (ficticio),Solo por esta causa federal,,,2012-07-28,2025-11-13,Ordinario,Instrucción,Juzgado Primero de Distrito en Sinaloa,,,Se desahogó la prueba testimonial ofrecida por la defensa.,2025-12-30,,,Sí,2025-11-21,Pendiente de resolver,,,2026-09-01,Defensa particular (dato ficticio).
130,PER-0130,Gabriel Márquez Villaseñor,EXP-FIC-1903/2024,CP-FIC-229/2024,Portación de arma de fuego de uso exclusivo,Chihuahua,Décimo Séptimo Circuito,Juzgado Primero de Distrito en Chihuahua,Centro Estatal de Reinserción Barrancas (ficticio),Por esta causa y por otra causa federal,Juzgado Segundo de Distrito en Chihuahua (otra causa federal),En proceso,2012-05-24,2024-09-03,Sumario,Instrucción,Juzgado Primero de Distrito en Chihuahua,,,Se ordenó girar exhorto para el desahogo de una diligencia.,2025-10-09,,,Sí,2025-05-20,Se mantuvo la prisión preventiva,,,2026-09-01,Defensa pública federal (dato ficticio).
131,PER-0131,Gerardo Valencia Delgado,EXP-FIC-1910/2007,CP-FIC-230/2007,Robo de hidrocarburos,Ciudad de México,Primer Circuito,Juzgado Segundo de Distrito de Procesos Penales Federales en la Ciudad de México,Centro de Reinserción Oriente (ficticio),Por esta causa y por otra causa federal,Juzgado Primero de Distrito de Procesos Penales Federales en la Ciudad de México (otra causa federal),Sentenciada (no firme),2007-03-02,2007-10-16,Ordinario,Audiencia de vista / citado para sentencia,Juzgado Segundo de Distrito de Procesos Penales Federales en la Ciudad de México,2015-01-15,2022-10-17,Se citó a la audiencia de vista.,2022-10-25,,,No,,,,,2026-09-01,Defensa particular (dato ficticio).
132,PER-0132,Isaac Rangel Estrada,EXP-FIC-1917/1997,CP-FIC-231/1997,Secuestro; Contra la salud (transporte),Estado de México,Segundo Circuito,Juzgado Segundo de Distrito en Materia Penal en el Estado de México,Centro Federal de Reinserción Región Centro (ficticio),Por esta causa y por otra causa federal,Juzgado Primero de Distrito en Materia Penal en el Estado de México (otra causa federal),Sentenciada (no firme),1995-02-16,1997-03-10,Ordinario,Segunda instancia (apelación),Tribunal Colegiado de Apelación del Segundo Circuito (Toca FIC-5/2015),1999-02-09,1999-09-17,Se admitió la apelación contra la sentencia de primera instancia; pendiente de resolución.,2015-10-25,2003-03-31,21,No,,,,,2026-09-01,Defensa pública federal (dato ficticio).
133,PER-0133,Miguel Ángel Fuentes Maldonado,EXP-FIC-1924/2025,CP-FIC-232/2025,Tráfico de personas,Jalisco,Tercer Circuito,Juzgado Segundo de Distrito en Materia Penal en Jalisco,Centro Federal de Reinserción Occidente (ficticio),Solo por esta causa federal,,,2013-05-21,2025-06-27,Ordinario,Instrucción,Juzgado Segundo de Distrito en Materia Penal en Jalisco,,,Se admitieron las pruebas periciales ofrecidas por las partes.,2026-06-09,,,No,,,,,2026-09-01,Cuenta con otra causa penal en trámite (dato ficticio).
134,PER-0134,Daniela Domínguez Peña,EXP-FIC-1931/2023,CP-FIC-233/2023,Contra la salud (transporte),Nuevo León,Cuarto Circuito,Juzgado Segundo de Distrito en Materia Penal en Nuevo León,Centro Estatal de Reinserción Sierra Madre (ficticio),Por esta causa y por causa del fuero común,"Juzgado Penal de Primera Instancia en Nuevo León (fuero común, ficticio)",En proceso,2013-03-25,2023-05-26,Ordinario,Instrucción,Juzgado Segundo de Distrito en Materia Penal en Nuevo León,,,Se admitieron las pruebas periciales ofrecidas por las partes.,2025-12-23,,,No,,,,,2026-09-01,Defensa particular (dato ficticio).
135,PER-0135,Patricia Castañeda Rosales,EXP-FIC-1938/2021,CP-FIC-234/2021,Tráfico de personas,Sonora,Quinto Circuito,Juzgado Segundo de Distrito en Sonora,Centro Federal de Reinserción Desierto (ficticio),Solo por esta causa federal,,,2016-02-26,2021-02-20,Ordinario,Segunda instancia (apelación),Tribunal Colegiado de Apelación del Quinto Circuito (Toca FIC-49/2025),2022-09-21,2024-09-21,El tribunal de apelación señaló fecha para la vista.,2025-06-14,2025-04-05,36,No,,,,,2026-09-01,Cuenta con otra causa penal en trámite (dato ficticio).
136,PER-0136,Benito Miranda Escobar,EXP-FIC-1945/2016,CP-FIC-235/2016,Delincuencia organizada,Puebla,Sexto Circuito,Juzgado Segundo de Distrito en Materia Penal en Puebla,Centro Estatal de Reinserción Los Volcanes (ficticio),Solo por esta causa federal,,,2014-05-01,2016-03-04,Ordinario,Reposición del procedimiento,Juzgado Segundo de Distrito en Materia Penal en Puebla,,,Se repuso el procedimiento a partir de la diligencia anulada.,2016-10-08,,,No,,,,,2026-09-01,Registro de prueba.
137,PER-0137,Isaac Cárdenas Valdez,EXP-FIC-1952/1997,CP-FIC-236/1997,Contra la salud (transporte),Veracruz,Séptimo Circuito,Juzgado Segundo de Distrito en Veracruz,Centro Federal de Reinserción Sureste (ficticio),Por esta causa y por causa del fuero común,"Juzgado Penal de Primera Instancia en Veracruz (fuero común, ficticio)",Sentenciada (no firme),1997-05-18,1997-11-06,Ordinario,Reposición del procedimiento,Juzgado Segundo de Distrito en Veracruz,,,El tribunal de apelación ordenó la reposición del procedimiento.,2017-01-16,,,Sí,2019-09-11,Se mantuvo la prisión preventiva,,,2026-09-01,Sin observaciones adicionales.
138,PER-0138,Sergio Salazar Medina,EXP-FIC-1959/2026,CP-FIC-237/2026,Portación de arma de fuego de uso exclusivo,Michoacán,Décimo Primer Circuito,Juzgado Segundo de Distrito en Michoacán,Centro Regional Lago Azul (ficticio),Solo por esta causa federal,,,2013-09-13,2026-04-23,Ordinario,Instrucción,Juzgado Segundo de Distrito en Michoacán,,,Se ordenó girar exhorto para el desahogo de una diligencia.,2026-07-15,,,Sí,2026-07-19,Se mantuvo la prisión preventiva,,,2026-09-01,Sin observaciones adicionales.
139,PER-0139,Fabiola Miranda Zavala,EXP-FIC-1966/2022,CP-FIC-238/2022,Falsificación de moneda; Acopio de armas,Sinaloa,Décimo Segundo Circuito,Juzgado Segundo de Distrito en Sinaloa,Centro Estatal de Reinserción Pacífico (ficticio),Solo por esta causa federal,,,2015-01-10,2022-11-20,Ordinario,Audiencia de vista / citado para sentencia,Juzgado Segundo de Distrito en Sinaloa,2023-12-27,2026-08-28,Se citó a la audiencia de vista.,2026-10-01,,,No,,,,,2026-09-01,Defensa pública federal (dato ficticio).
140,PER-0013,Zacarías Delgado Delgado,EXP-FIC-1973/2017,CP-FIC-239/2017,Delincuencia organizada; Contra la salud (transporte),Chihuahua,Décimo Séptimo Circuito,Juzgado Segundo de Distrito en Chihuahua,Centro Estatal de Reinserción Barrancas (ficticio),Compurga pena por otra causa,"Juzgado de Ejecución en Chihuahua (fuero común, ficticio)",Compurgando pena,2015-09-08,2017-07-18,Ordinario,Sentencia de primera instancia (plazo para apelar),Juzgado Segundo de Distrito en Chihuahua,2017-11-26,2018-06-23,Se dictó sentencia de primera instancia; corre el plazo para apelar.,2020-01-30,2018-11-21,27,No,,,,,2026-09-01,Persona ficticia con dos causas penales distintas.
141,PER-0141,Hilda Camacho Salazar,EXP-FIC-1980/2002,CP-FIC-240/2002,Portación de arma de fuego de uso exclusivo,Ciudad de México,Primer Circuito,Juzgado Tercero de Distrito de Procesos Penales Federales en la Ciudad de México,Centro de Reinserción Oriente (ficticio),Solo por esta causa federal,,,2000-06-17,2002-03-05,Ordinario,Conclusiones,Juzgado Tercero de Distrito de Procesos Penales Federales en la Ciudad de México,2024-08-01,,Se puso la causa a la vista del Ministerio Público para formular conclusiones.,2024-08-31,,,No,,,,,2026-09-01,Sin observaciones adicionales.
142,PER-0142,Octavio Sandoval Quintero,EXP-FIC-1987/2025,CP-FIC-241/2025,Robo de hidrocarburos,Estado de México,Segundo Circuito,Juzgado Tercero de Distrito en Materia Penal en el Estado de México,Centro Federal de Reinserción Región Centro (ficticio),Solo por esta causa federal,,,2015-02-19,2025-03-07,Ordinario,Sentencia de primera instancia (plazo para apelar),Juzgado Tercero de Distrito en Materia Penal en el Estado de México,2025-06-13,2025-09-19,Se dictó sentencia de primera instancia; corre el plazo para apelar.,2026-02-19,2025-11-30,37,No,,,,,2026-09-01,Defensa pública federal (dato ficticio).
143,PER-0143,Daniela Benítez Galindo,EXP-FIC-1994/2022,CP-FIC-242/2022,Portación de arma de fuego de uso exclusivo; Tráfico de personas,Jalisco,Tercer Circuito,Juzgado Tercero de Distrito en Materia Penal en Jalisco,Centro Federal de Reinserción Occidente (ficticio),Solo por esta causa federal,,,2013-01-16,2022-08-26,Ordinario,Segunda instancia (apelación),Tribunal Colegiado de Apelación del Tercer Circuito (Toca FIC-81/2026),2023-06-04,2023-10-06,El tribunal de apelación señaló fecha para la vista.,2026-03-22,2024-01-13,57,No,,,,,2026-09-01,Sin observaciones adicionales.
144,PER-0144,Alejandra Fuentes Leyva,EXP-FIC-2001/2020,CP-FIC-243/2020,Contra la salud (posesión con fines de comercio); Secuestro,Nuevo León,Cuarto Circuito,Juzgado Primero de Distrito en Materia Penal en Nuevo León,Centro Federal de Reinserción Noreste (ficticio),Por esta causa y por causa del fuero común,"Juzgado Penal de Primera Instancia en Nuevo León (fuero común, ficticio)",En proceso,2015-02-10,2020-02-27,Ordinario,Segunda instancia (apelación),Tribunal Colegiado de Apelación del Cuarto Circuito (Toca FIC-170/2025),2021-07-03,2022-04-28,Se admitió la apelación contra la sentencia de primera instancia; pendiente de resolución.,2025-05-17,2023-02-17,7,No,,,,,2026-09-01,Defensa particular (dato ficticio).
145,PER-0145,Salvador Solís Márquez,EXP-FIC-2008/2010,CP-FIC-244/2010,Contra la salud (posesión con fines de comercio); Delincuencia organizada,Sonora,Quinto Circuito,Juzgado Primero de Distrito en Sonora,Centro Federal de Reinserción Desierto (ficticio),Solo por esta causa federal,,,2009-09-27,2010-01-28,Ordinario,Segunda instancia (apelación),Tribunal Colegiado de Apelación del Quinto Circuito (Toca FIC-224/2024),2010-09-03,2013-09-02,Se admitió la apelación contra la sentencia de primera instancia; pendiente de resolución.,2024-08-14,2014-02-04,24,Sí,2021-08-18,Se mantuvo la prisión preventiva,,,2026-09-01,Cuenta con otra causa penal en trámite (dato ficticio).
146,PER-0146,Esteban Escobar Orozco,EXP-FIC-2015/2006,CP-FIC-245/2006,Operaciones con recursos de procedencia ilícita,Puebla,Sexto Circuito,Juzgado Primero de Distrito en Materia Penal en Puebla,Centro Estatal de Reinserción Los Volcanes (ficticio),Por esta causa y por otra causa federal,Juzgado Segundo de Distrito en Materia Penal en Puebla (otra causa federal),Sentenciada (no firme),2004-06-01,2006-08-21,Ordinario,Segunda instancia (apelación),Tribunal Colegiado de Apelación del Sexto Circuito (Toca FIC-250/2021),2010-09-08,2014-11-30,Se admitió la apelación contra la sentencia de primera instancia; pendiente de resolución.,2021-06-29,2017-04-02,51,No,,,,,2026-09-01,Cuenta con otra causa penal en trámite (dato ficticio).
147,PER-0147,Andrés Rangel Tapia,EXP-FIC-2022/2025,CP-FIC-246/2025,Defraudación fiscal,Veracruz,Séptimo Circuito,Juzgado Tercero de Distrito en Veracruz,Centro Estatal de Reinserción Golfo (ficticio),Por esta causa y por causa del fuero común,"Juzgado Penal de Primera Instancia en Veracruz (fuero común, ficticio)",Sentenciada (no firme),2015-09-05,2025-07-30,Ordinario,Instrucción agotada / cerrada,Juzgado Tercero de Distrito en Veracruz,2026-05-20,,Se declaró agotada la instrucción y se puso el proceso a la vista de las partes.,2026-06-16,,,No,,,,,2026-09-01,Defensa pública federal (dato ficticio).
148,PER-0148,Javier Domínguez Alvarado,EXP-FIC-2029/2023,CP-FIC-247/2023,Operaciones con recursos de procedencia ilícita,Michoacán,Décimo Primer Circuito,Juzgado Primero de Distrito en Michoacán,Centro Estatal de Reinserción Tierra Caliente (ficticio),Solo por esta causa federal,,,2013-03-31,2023-06-29,Ordinario,Instrucción,Juzgado Primero de Distrito en Michoacán,,,Se ordenó girar exhorto para el desahogo de una diligencia.,2026-02-04,,,No,,,,,2026-09-01,Se solicitó la revisión de la medida cautelar (dato ficticio).
149,PER-0149,Pablo Rangel Trejo,EXP-FIC-2036/2017,CP-FIC-248/2017,Contra la salud (transporte),Sinaloa,Décimo Segundo Circuito,Juzgado Primero de Distrito en Sinaloa,Centro Estatal de Reinserción Pacífico (ficticio),Solo por esta causa federal,,,2013-06-01,2017-02-06,Ordinario,Segunda instancia (apelación),Tribunal Colegiado de Apelación del Décimo Segundo Circuito (Toca FIC-205/2022),2018-04-30,2019-03-30,El tribunal de apelación señaló fecha para la vista.,2022-01-28,2019-08-12,18,No,,,,,2026-09-01,Se solicitó la revisión de la medida cautelar (dato ficticio).
150,PER-0150,Andrés Leyva Campos,EXP-FIC-2043/2010,CP-FIC-249/2010,Contra la salud (posesión con fines de comercio),Chihuahua,Décimo Séptimo Circuito,Juzgado Primero de Distrito en Chihuahua,Centro Estatal de Reinserción Barrancas (ficticio),Solo por esta causa federal,,,2009-09-20,2010-04-29,Ordinario,Segunda instancia (apelación),Tribunal Colegiado de Apelación del Décimo Séptimo Circuito (Toca FIC-161/2016),2013-09-28,2014-05-09,El tribunal de apelación señaló fecha para la vista.,2016-06-06,2015-12-08,49,No,,,,,2026-09-01,Promovió amparo indirecto contra la prisión preventiva (dato ficticio).
151,PER-0151,Jesús Manuel Camacho Montes,EXP-FIC-9000/2019,CP-FIC-900/2019,Contra la salud (posesión con fines de comercio); Robo de hidrocarburos,Ciudad de México,Primer Circuito,Juzgado Primero de Distrito de Procesos Penales Federales en la Ciudad de México,Centro de Reinserción Oriente (ficticio),Solo por esta causa federal,,,2006-04-20,2008-01-26,Ordinario,Segunda instancia (apelación),Tribunal Colegiado de Apelación del Primer Circuito (Toca FIC-15/2024),2011-07-09,2019-09-13,Se admitió la apelación contra la sentencia de primera instancia; pendiente de resolución.,2024-10-31,2020-11-14,29,Sí,2018-01-27,Pendiente de resolver,,,2026-09-01,Registro de prueba: sentencia ejecutoriada.
152,PER-0152,Isaac Contreras Valdez,EXP-FIC-9001/2019,CP-FIC-901/2019,Contra la salud (transporte),Estado de México,Segundo Circuito,Juzgado Primero de Distrito en Materia Penal en el Estado de México,Centro Federal de Reinserción Región Centro (ficticio),Por esta causa y por causa del fuero común,"Juzgado Penal de Primera Instancia en Estado de México (fuero común, ficticio)",Sentenciada (no firme),1999-06-20,2001-03-17,Ordinario,Segunda instancia (apelación),Tribunal Colegiado de Apelación del Segundo Circuito (Toca FIC-148/2026),2024-05-15,2025-04-29,El tribunal de apelación señaló fecha para la vista.,2026-02-02,2025-11-18,20,No,,,,,2026-09-01,Registro de prueba: tiene fecha de ejecutoria aunque la etapa no se actualizó.
153,PER-0153,Zacarías Lozano Benítez,EXP-FIC-9002/2019,CP-FIC-902/2019,Operaciones con recursos de procedencia ilícita,Jalisco,Tercer Circuito,Juzgado Primero de Distrito en Materia Penal en Jalisco,Centro Estatal de Reinserción Los Altos (ficticio),Solo por esta causa federal,,,2015-09-01,2026-06-13,Ordinario,Instrucción,Juzgado Primero de Distrito en Materia Penal en Jalisco,,,Se difirió la audiencia de careos por falta de traslado.,2026-09-08,,,Sí,2026-07-08,Se mantuvo la prisión preventiva,,,2026-09-01,Registro de prueba: obtuvo libertad por desvanecimiento de datos.
154,PER-0154,Benito Rosales Pacheco,EXP-FIC-9003/2019,CP-FIC-903/2019,Acopio de armas; Secuestro,Nuevo León,Cuarto Circuito,Juzgado Segundo de Distrito en Materia Penal en Nuevo León,Centro Federal de Reinserción Noreste (ficticio),Solo por esta causa federal,,,2013-03-12,2024-09-21,Ordinario,Instrucción,Tribunal Colegiado de Apelación del Cuarto Circuito (Toca FIC-82/2026),2025-10-19,2026-04-13,El tribunal de apelación señaló fecha para la vista.,2026-08-16,2026-06-04,25,Sí,2026-07-20,Pendiente de resolver,,,2026-09-01,Registro de prueba: cesó la prisión preventiva tras su revisión.
155,PER-0155,Roberto Garza Pacheco,EXP-FIC-9004/2019,CP-FIC-904/2019,Acopio de armas; Defraudación fiscal,Sonora,Quinto Circuito,Juzgado Segundo de Distrito en Sonora,Centro Estatal Costa Norte (ficticio),Solo por esta causa federal,,,2015-12-23,2017-07-01,Ordinario,Segunda instancia (apelación),Tribunal Colegiado en Materia Penal del Quinto Circuito (A.D. FIC-44/2026),,,Se promovió amparo directo contra la sentencia de segunda instancia; la persona quedó a disposición del Tribunal Colegiado (art. 191 Ley de Amparo).,2018-08-26,2022-05-10,18,Sí,2024-03-03,Pendiente de resolver,,,2026-09-01,Registro de prueba: amparo directo en trámite.
156,PER-0156,Roberto Delgado Peña,EXP-FIC-9005/2019,CP-FIC-905/2019,Operaciones con recursos de procedencia ilícita,Puebla,Sexto Circuito,Juzgado Segundo de Distrito en Materia Penal en Puebla,Centro Estatal de Reinserción Los Volcanes (ficticio),Solo por causa del fuero común,"Juzgado Penal de Primera Instancia en Puebla (fuero común, ficticio)",Sentenciada (no firme),2012-09-05,2014-05-11,Ordinario,Segunda instancia (apelación),Tribunal Colegiado en Materia Penal del Sexto Circuito (A.D. FIC-45/2026),2014-09-30,2014-10-25,Se promovió amparo directo contra la sentencia de segunda instancia; la persona quedó a disposición del Tribunal Colegiado (art. 191 Ley de Amparo).,2024-01-04,2015-12-02,43,No,,,,,2026-09-01,Registro de prueba: amparo directo en trámite.
157,PER-0157,Yolanda Sandoval Valencia,EXP-FIC-9006/2019,CP-FIC-906/2019,Operaciones con recursos de procedencia ilícita,Veracruz,Séptimo Circuito,Juzgado Primero de Distrito en Veracruz,Centro Federal de Reinserción Sureste (ficticio),Solo por esta causa federal,,,2002-05-04,2003-03-13,Ordinario,Segunda instancia (apelación),Tribunal Colegiado en Materia Penal del Séptimo Circuito (A.D. FIC-46/2026),2019-01-03,,Se promovió amparo directo contra la sentencia de segunda instancia; la persona quedó a disposición del Tribunal Colegiado (art. 191 Ley de Amparo).,2019-02-26,2022-05-10,18,No,,,,,2026-09-01,Registro de prueba: amparo directo en trámite.
960,PER-0960,Alma Delia Palacios Aguilar,EXP-FIC-9600/2010,CP-FIC-960/2010,Delincuencia organizada; Acopio de armas,Ciudad de México,Primer Circuito,Juzgado Tercero de Distrito de Procesos Penales Federales en la Ciudad de México,Centro de Reinserción Oriente (ficticio),Por esta causa y por causa del fuero común,"Juzgado Penal de Primera Instancia en Ciudad de México (fuero común, ficticio)",Sentenciada (no firme),2013-05-20,2015-09-20,Ordinario,Segunda instancia (apelación),Tribunal Colegiado de Apelación del Primer Circuito (Toca FIC-34/2022),2016-03-23,2018-03-20,Se admitió la apelación contra la sentencia de primera instancia; pendiente de resolución.,2022-04-17,2019-10-19,19,No,,,,,2026-09-01,Registro de prueba: obtuvo su libertad antes del corte actual (dato ficticio).
961,PER-0961,Lorena Cárdenas Villaseñor,EXP-FIC-9601/2010,CP-FIC-961/2010,Defraudación fiscal,Estado de México,Segundo Circuito,Juzgado Tercero de Distrito en Materia Penal en el Estado de México,Centro Federal de Reinserción Región Centro (ficticio),Solo por esta causa federal,,,2001-10-28,2002-05-16,Ordinario,Reposición del procedimiento,Juzgado Tercero de Distrito en Materia Penal en el Estado de México,,,El tribunal de apelación ordenó la reposición del procedimiento.,2005-08-29,,,No,,,,,2026-09-01,Registro de prueba: obtuvo su libertad antes del corte actual (dato ficticio).
