ID,Nombre completo,Expediente,Causa penal,Delito(s),Entidad Federativa,Circuito,Juzgado de Distrito,Lugar de reclusión,Situación de reclusión,Fecha de auto de formal prisión,Etapa procesal,Instancia actual,Último acto procesal,Fecha de sentencia de primera instancia,Pena impuesta (no firme),Fecha de ejecutoria,Observaciones
1,Héctor Fuentes Garza,EXP-FIC-1000/2024,CP-FIC-100/2024,Secuestro; Contra la salud (transporte),Ciudad de México,Primer Circuito,Juzgado Primero de Distrito de Procesos Penales Federales en la Ciudad de México,Centro de Reinserción Norte (ficticio),Privado de la libertad únicamente por esta causa,2024-10-01,Cierre de instrucción / conclusiones,Juzgado Primero de Distrito de Procesos Penales Federales en la Ciudad de México,Se celebró la audiencia de vista el 17/05/2026.,,,,Registro de prueba.
2,Daniela Arellano Cervantes,EXP-FIC-1007/2021,CP-FIC-101/2021,Falsificación de moneda,Estado de México,Segundo Circuito,Juzgado Primero de Distrito en Materia Penal en el Estado de México,Centro Estatal Valle Alto (ficticio),Privado de la libertad únicamente por esta causa,2021-10-01,Cierre de instrucción / conclusiones,Juzgado Primero de Distrito en Materia Penal en el Estado de México,El Ministerio Público formuló conclusiones acusatorias el 13/12/2022.,,,,Defensa pública federal (dato ficticio).
3,Gabriel Fuentes Alvarado,EXP-FIC-1014/2016,CP-FIC-102/2016,Delincuencia organizada; Robo de hidrocarburos,Jalisco,Tercer Circuito,Juzgado Primero de Distrito en Materia Penal en Jalisco,Centro Federal de Reinserción Occidente (ficticio),Privado de la libertad únicamente por esta causa,2016-10-01,Reposición del procedimiento,Juzgado Primero de Distrito en Materia Penal en Jalisco,El Tribunal de Alzada ordenó la reposición del procedimiento el 19/10/2025.,,,,Defensa pública federal (dato ficticio).
4,Rodrigo Rosales Velasco,EXP-FIC-1021/2006,CP-FIC-103/2006,Tráfico de personas,Nuevo León,Cuarto Circuito,Juzgado Primero de Distrito en Materia Penal en Nuevo León,Centro Federal de Reinserción Noreste (ficticio),Privado de la libertad únicamente por esta causa,2006-10-01,Amparo directo,Tribunal Colegiado en Materia Penal del Cuarto Circuito (A.D. FIC-63/2023),El Tribunal Colegiado admitió la demanda de amparo directo el 18/11/2023.,2017-03-29,29,,Se solicitó la revisión de la medida cautelar (dato ficticio).
5,Noemí Rosales Cervantes,EXP-FIC-1028/1996,CP-FIC-104/1996,Delitos contra el ambiente,Sonora,Quinto Circuito,Juzgado Primero de Distrito en Sonora,Centro Federal de Reinserción Desierto (ficticio),Privado de la libertad únicamente por esta causa,1996-10-01,Amparo directo,Tribunal Colegiado en Materia Penal del Quinto Circuito (A.D. FIC-228/2021),El Tribunal Colegiado admitió la demanda de amparo directo el 18/05/2021.,2020-10-07,23,,Defensa particular (dato ficticio).
6,Daniela Márquez Sandoval,EXP-FIC-1035/2025,CP-FIC-105/2025,Acopio de armas,Puebla,Sexto Circuito,Juzgado Primero de Distrito en Materia Penal en Puebla,Centro Estatal de Reinserción Los Volcanes (ficticio),Privado de la libertad únicamente por esta causa,2025-07-04,Instrucción,Juzgado Primero de Distrito en Materia Penal en Puebla,Se desahogó la prueba testimonial ofrecida por la defensa el 08/11/2025.,,,,Pendiente de traslado a otro centro (dato ficticio).
7,Gabriel Lozano Camacho,EXP-FIC-1042/2023,CP-FIC-106/2023,Tráfico de personas,Veracruz,Séptimo Circuito,Juzgado Primero de Distrito en Veracruz,Centro Federal de Reinserción Sureste (ficticio),Compurga pena por causa penal distinta,2023-10-30,Instrucción,Juzgado Primero de Distrito en Veracruz,Se ordenó girar exhorto para el desahogo de una diligencia el 14/04/2024.,,,,Pendiente de traslado a otro centro (dato ficticio).
8,Rocío Escobar Montes,EXP-FIC-1049/2020,CP-FIC-107/2020,Acopio de armas,Michoacán,Décimo Primer Circuito,Juzgado Primero de Distrito en Michoacán,Centro Estatal de Reinserción Tierra Caliente (ficticio),Privado de la libertad únicamente por esta causa,2020-06-07,Apelación (Tribunal de Alzada),Tribunal Colegiado de Apelación del Décimo Primer Circuito (Toca FIC-25/2025),El Tribunal de Alzada admitió el recurso y señaló fecha para la vista el 07/01/2025.,2022-12-28,48,,Defensa pública federal (dato ficticio).
9,Pablo Campos Bautista,EXP-FIC-1056/2009,CP-FIC-108/2009,Portación de arma de fuego de uso exclusivo,Sinaloa,Décimo Segundo Circuito,Juzgado Primero de Distrito en Sinaloa,Centro Estatal de Reinserción Pacífico (ficticio),Privado de la libertad únicamente por esta causa,2009-05-16,Reposición del procedimiento,Juzgado Primero de Distrito en Sinaloa,Se repuso el procedimiento a partir del auto de formal prisión el 29/11/2019.,,,,Pendiente de traslado a otro centro (dato ficticio).
10,Zacarías Peña Montes,EXP-FIC-1063/2005,CP-FIC-109/2005,Robo de hidrocarburos,Chihuahua,Décimo Séptimo Circuito,Juzgado Primero de Distrito en Chihuahua,Centro Federal de Reinserción Frontera (ficticio),Privado de la libertad únicamente por esta causa,2005-11-08,Amparo directo,Tribunal Colegiado en Materia Penal del Décimo Séptimo Circuito (A.D. FIC-83/2026),El Tribunal Colegiado admitió la demanda de amparo directo el 14/02/2026.,2018-05-11,14,,Se solicitó la revisión de la medida cautelar (dato ficticio).
11,Ernesto Rosales Robles,EXP-FIC-1070/2022,CP-FIC-110/2022,Contra la salud (posesión con fines de comercio),Ciudad de México,Primer Circuito,Juzgado Segundo de Distrito de Procesos Penales Federales en la Ciudad de México,Centro de Reinserción Norte (ficticio),Privado de la libertad únicamente por esta causa,2022-07-16,Cierre de instrucción / conclusiones,Juzgado Segundo de Distrito de Procesos Penales Federales en la Ciudad de México,El Ministerio Público formuló conclusiones acusatorias el 10/05/2024.,,,,Defensa pública federal (dato ficticio).
12,Ángel Peña Cordero,EXP-FIC-1077/2020,CP-FIC-111/2020,Defraudación fiscal,Estado de México,Segundo Circuito,Juzgado Segundo de Distrito en Materia Penal en el Estado de México,Centro Estatal Valle Alto (ficticio),Privado de la libertad únicamente por esta causa,2020-09-10,Amparo directo,Tribunal Colegiado en Materia Penal del Segundo Circuito (A.D. FIC-489/2026),El Tribunal Colegiado admitió la demanda de amparo directo el 27/08/2026.,2024-03-18,14,,Pendiente de traslado a otro centro (dato ficticio).
13,Julián Maldonado Estrada,EXP-FIC-1084/2010,CP-FIC-112/2010,Delitos contra el ambiente,Jalisco,Tercer Circuito,Juzgado Segundo de Distrito en Materia Penal en Jalisco,Centro Federal de Reinserción Occidente (ficticio),Privado de la libertad también por causa penal distinta,2010-01-11,Apelación (Tribunal de Alzada),Tribunal Colegiado de Apelación del Tercer Circuito (Toca FIC-173/2023),Se interpuso apelación contra la sentencia de primera instancia; pendiente de resolución el 31/05/2023.,2019-04-27,17,,Persona ficticia con dos causas penales distintas.
14,César Peña Trejo,EXP-FIC-1091/2001,CP-FIC-113/2001,Portación de arma de fuego de uso exclusivo; Delitos contra el ambiente,Nuevo León,Cuarto Circuito,Juzgado Segundo de Distrito en Materia Penal en Nuevo León,Centro Federal de Reinserción Noreste (ficticio),Privado de la libertad únicamente por esta causa,2001-05-30,Amparo directo,Tribunal Colegiado en Materia Penal del Cuarto Circuito (A.D. FIC-191/2025),El Tribunal Colegiado admitió la demanda de amparo directo el 24/12/2025.,2008-03-12,39,,Se solicitó la revisión de la medida cautelar (dato ficticio).
15,Alma Delia Guerrero Palacios,EXP-FIC-1098/2026,CP-FIC-114/2026,Delincuencia organizada,Sonora,Quinto Circuito,Juzgado Segundo de Distrito en Sonora,Centro Estatal Costa Norte (ficticio),Compurga pena por causa penal distinta,2026-06-11,Instrucción,Juzgado Segundo de Distrito en Sonora,Se ordenó girar exhorto para el desahogo de una diligencia el 24/08/2026.,,,,Se solicitó la revisión de la medida cautelar (dato ficticio).
16,Bruno Pacheco Solís,EXP-FIC-1105/2024,CP-FIC-115/2024,Contra la salud (posesión con fines de comercio),Puebla,Sexto Circuito,Juzgado Segundo de Distrito en Materia Penal en Puebla,Centro Regional de Reinserción Sur (ficticio),Privado de la libertad únicamente por esta causa,2024-06-05,Sentencia de primera instancia,Juzgado Segundo de Distrito en Materia Penal en Puebla,Se notificó la sentencia de primera instancia a las partes el 04/03/2026.,2025-03-18,15,,Promovió amparo indirecto contra la prisión preventiva (dato ficticio).
17,Miguel Ángel Villaseñor Salazar,EXP-FIC-1112/2021,CP-FIC-116/2021,Portación de arma de fuego de uso exclusivo,Veracruz,Séptimo Circuito,Juzgado Segundo de Distrito en Veracruz,Centro Federal de Reinserción Sureste (ficticio),Compurga pena por causa penal distinta,2021-09-11,Instrucción,Juzgado Segundo de Distrito en Veracruz,Se ordenó girar exhorto para el desahogo de una diligencia el 17/05/2026.,,,,Promovió amparo indirecto contra la prisión preventiva (dato ficticio).
18,Omar Castañeda Aguilar,EXP-FIC-1119/2011,CP-FIC-117/2011,Portación de arma de fuego de uso exclusivo,Michoacán,Décimo Primer Circuito,Juzgado Segundo de Distrito en Michoacán,Centro Estatal de Reinserción Tierra Caliente (ficticio),Privado de la libertad únicamente por esta causa,2011-09-18,Amparo directo,Tribunal Colegiado en Materia Penal del Décimo Primer Circuito (A.D. FIC-315/2017),Se promovió amparo directo contra la resolución de segunda instancia; pendiente de resolución el 01/09/2017.,2014-04-14,42,,Cuenta con otra causa penal en trámite (dato ficticio).
19,Yolanda Fuentes Robles,EXP-FIC-1126/2002,CP-FIC-118/2002,Robo de hidrocarburos,Sinaloa,Décimo Segundo Circuito,Juzgado Segundo de Distrito en Sinaloa,Centro Estatal de Reinserción Pacífico (ficticio),Privado de la libertad únicamente por esta causa,2002-07-02,Amparo directo,Tribunal Colegiado en Materia Penal del Décimo Segundo Circuito (A.D. FIC-352/2014),El Tribunal Colegiado admitió la demanda de amparo directo el 03/01/2014.,2012-11-06,20,,Sin observaciones adicionales.
20,Manuel Cervantes Rosales,EXP-FIC-1133/2025,CP-FIC-119/2025,Robo de hidrocarburos,Chihuahua,Décimo Séptimo Circuito,Juzgado Segundo de Distrito en Chihuahua,Centro Federal de Reinserción Frontera (ficticio),Compurga pena por causa penal distinta,2025-11-28,Instrucción,Juzgado Segundo de Distrito en Chihuahua,Se difirió la audiencia de careos por falta de traslado el 15/03/2026.,,,,Registro de prueba.
21,José Luis Hernández Ruiz,EXP-FIC-1140/2020,CP-FIC-120/2020,Tráfico de personas,Ciudad de México,Primer Circuito,Juzgado Tercero de Distrito de Procesos Penales Federales en la Ciudad de México,Centro de Reinserción Oriente (ficticio),Compurga pena por causa penal distinta,2020-12-08,Apelación (Tribunal de Alzada),Tribunal Colegiado de Apelación del Primer Circuito (Toca FIC-41/2024),Se interpuso apelación contra la sentencia de primera instancia; pendiente de resolución el 17/02/2024.,2021-12-23,25,,Homonimia ficticia de prueba: existe otro registro con el mismo nombre y distinta causa.
22,Carlos Iván Aguilar Pacheco,EXP-FIC-1147/2009,CP-FIC-121/2009,Falsificación de moneda,Estado de México,Segundo Circuito,Juzgado Tercero de Distrito en Materia Penal en el Estado de México,Centro Estatal Valle Alto (ficticio),Privado de la libertad únicamente por esta causa,2009-02-18,Apelación (Tribunal de Alzada),Tribunal Colegiado de Apelación del Segundo Circuito (Toca FIC-286/2025),Se interpuso apelación contra la sentencia de primera instancia; pendiente de resolución el 10/05/2025.,2022-08-21,60,,Defensa particular (dato ficticio).
23,Cecilia Bautista Estrada,EXP-FIC-1154/2003,CP-FIC-122/2003,Portación de arma de fuego de uso exclusivo; Contra la salud (transporte),Jalisco,Tercer Circuito,Juzgado Tercero de Distrito en Materia Penal en Jalisco,Centro Federal de Reinserción Occidente (ficticio),Privado de la libertad únicamente por esta causa,2003-01-03,Reposición del procedimiento,Juzgado Tercero de Distrito en Materia Penal en Jalisco,Se repuso el procedimiento a partir del auto de formal prisión el 27/10/2007.,,,,Pendiente de traslado a otro centro (dato ficticio).
24,Juan Pablo Robles Robles,EXP-FIC-1161/2026,CP-FIC-123/2026,Delincuencia organizada,Nuevo León,Cuarto Circuito,Juzgado Primero de Distrito en Materia Penal en Nuevo León,Centro Estatal de Reinserción Sierra Madre (ficticio),Privado de la libertad únicamente por esta causa,2026-08-22,Cierre de instrucción / conclusiones,Juzgado Primero de Distrito en Materia Penal en Nuevo León,Se celebró la audiencia de vista el 21/09/2026.,,,,Pendiente de traslado a otro centro (dato ficticio).
25,Hilda Sandoval Márquez,EXP-FIC-1168/2022,CP-FIC-124/2022,Defraudación fiscal,Sonora,Quinto Circuito,Juzgado Primero de Distrito en Sonora,Centro Estatal Costa Norte (ficticio),Privado de la libertad únicamente por esta causa,2022-08-29,Instrucción,Juzgado Primero de Distrito en Sonora,Se ordenó girar exhorto para el desahogo de una diligencia el 15/09/2024.,,,,Pendiente de traslado a otro centro (dato ficticio).
26,Andrés Peña Galindo,EXP-FIC-1175/2020,CP-FIC-125/2020,Delincuencia organizada,Puebla,Sexto Circuito,Juzgado Primero de Distrito en Materia Penal en Puebla,Centro Regional de Reinserción Sur (ficticio),Privado de la libertad únicamente por esta causa,2020-03-02,Instrucción,Juzgado Primero de Distrito en Materia Penal en Puebla,Se difirió la audiencia de careos por falta de traslado el 23/04/2026.,,,,Pendiente de traslado a otro centro (dato ficticio).
27,Noemí Alvarado Cervantes,EXP-FIC-1182/2015,CP-FIC-126/2015,Delincuencia organizada; Portación de arma de fuego de uso exclusivo,Veracruz,Séptimo Circuito,Juzgado Tercero de Distrito en Veracruz,Centro Federal de Reinserción Sureste (ficticio),Privado de la libertad únicamente por esta causa,2015-09-10,Apelación (Tribunal de Alzada),Tribunal Colegiado de Apelación del Séptimo Circuito (Toca FIC-34/2024),Se interpuso apelación contra la sentencia de primera instancia; pendiente de resolución el 22/10/2024.,2019-08-03,56,,Registro de prueba.
28,Tomás Guerrero Navarro,EXP-FIC-1189/2005,CP-FIC-127/2005,Contra la salud (posesión con fines de comercio),Michoacán,Décimo Primer Circuito,Juzgado Primero de Distrito en Michoacán,Centro Estatal de Reinserción Tierra Caliente (ficticio),Privado de la libertad únicamente por esta causa,2005-10-22,Apelación (Tribunal de Alzada),Tribunal Colegiado de Apelación del Décimo Primer Circuito (Toca FIC-140/2013),El Tribunal de Alzada admitió el recurso y señaló fecha para la vista el 25/01/2013.,2012-08-27,47,,Cuenta con otra causa penal en trámite (dato ficticio).
29,Diego Ibarra Arellano,EXP-FIC-1196/2024,CP-FIC-128/2024,Operaciones con recursos de procedencia ilícita,Sinaloa,Décimo Segundo Circuito,Juzgado Primero de Distrito en Sinaloa,Centro Federal de Reinserción Noroeste (ficticio),Compurga pena por causa penal distinta,2024-12-04,Cierre de instrucción / conclusiones,Juzgado Primero de Distrito en Sinaloa,El Ministerio Público formuló conclusiones acusatorias el 24/03/2025.,,,,Se solicitó la revisión de la medida cautelar (dato ficticio).
30,Cristian Alvarado Fuentes,EXP-FIC-1203/2022,CP-FIC-129/2022,Robo de hidrocarburos; Operaciones con recursos de procedencia ilícita,Chihuahua,Décimo Séptimo Circuito,Juzgado Primero de Distrito en Chihuahua,Centro Estatal de Reinserción Barrancas (ficticio),Privado de la libertad únicamente por esta causa,2022-08-02,Instrucción,Juzgado Primero de Distrito en Chihuahua,Se admitieron las pruebas periciales ofrecidas por las partes el 06/04/2024.,,,,Cuenta con otra causa penal en trámite (dato ficticio).
31,Octavio Quintero Orozco,EXP-FIC-1210/2012,CP-FIC-130/2012,Contra la salud (transporte); Delincuencia organizada,Ciudad de México,Primer Circuito,Juzgado Primero de Distrito de Procesos Penales Federales en la Ciudad de México,Centro de Reinserción Norte (ficticio),Privado de la libertad únicamente por esta causa,2012-05-12,Apelación (Tribunal de Alzada),Tribunal Colegiado de Apelación del Primer Circuito (Toca FIC-69/2024),Se interpuso apelación contra la sentencia de primera instancia; pendiente de resolución el 04/03/2024.,2023-09-25,51,,Pendiente de traslado a otro centro (dato ficticio).
32,María Fernanda López Castro,EXP-FIC-1217/1998,CP-FIC-131/1998,Portación de arma de fuego de uso exclusivo,Estado de México,Segundo Circuito,Juzgado Primero de Distrito en Materia Penal en el Estado de México,Centro Estatal Valle Alto (ficticio),Privado de la libertad únicamente por esta causa,1998-07-22,Amparo directo,Tribunal Colegiado en Materia Penal del Segundo Circuito (A.D. FIC-362/2022),El Tribunal Colegiado admitió la demanda de amparo directo el 04/08/2022.,2022-04-20,49,,Homonimia ficticia de prueba: existe otro registro con el mismo nombre y distinta causa.
33,Alfonso Campos Ochoa,EXP-FIC-1224/2025,CP-FIC-132/2025,Secuestro,Jalisco,Tercer Circuito,Juzgado Primero de Distrito en Materia Penal en Jalisco,Centro Federal de Reinserción Occidente (ficticio),Privado de la libertad únicamente por esta causa,2025-03-10,Cierre de instrucción / conclusiones,Juzgado Primero de Distrito en Materia Penal en Jalisco,Se declaró cerrada la instrucción y se dio vista para conclusiones el 29/11/2025.,,,,Sin observaciones adicionales.
34,Juan Pablo Salazar Lara,EXP-FIC-1231/2023,CP-FIC-133/2023,Delitos contra el ambiente; Defraudación fiscal,Nuevo León,Cuarto Circuito,Juzgado Segundo de Distrito en Materia Penal en Nuevo León,Centro Estatal de Reinserción Sierra Madre (ficticio),Privado de la libertad únicamente por esta causa,2023-10-19,Sentencia de primera instancia,Juzgado Segundo de Distrito en Materia Penal en Nuevo León,Se dictó sentencia de primera instancia; corre el plazo para apelar el 18/04/2026.,2025-06-22,27,,Defensa pública federal (dato ficticio).
35,Ulises Delgado Palacios,EXP-FIC-1238/2017,CP-FIC-134/2017,Contra la salud (transporte),Sonora,Quinto Circuito,Juzgado Segundo de Distrito en Sonora,Centro Estatal Costa Norte (ficticio),Privado de la libertad únicamente por esta causa,2017-09-11,Instrucción,Juzgado Segundo de Distrito en Sonora,Se difirió la audiencia de careos por falta de traslado el 04/02/2025.,,,,Promovió amparo indirecto contra la prisión preventiva (dato ficticio).
36,Adrián Galindo Aguilar,EXP-FIC-1245/2010,CP-FIC-135/2010,Defraudación fiscal,Puebla,Sexto Circuito,Juzgado Segundo de Distrito en Materia Penal en Puebla,Centro Estatal de Reinserción Los Volcanes (ficticio),Privado de la libertad también por causa penal distinta,2010-01-24,Reposición del procedimiento,Juzgado Segundo de Distrito en Materia Penal en Puebla,El Tribunal de Alzada ordenó la reposición del procedimiento el 23/05/2025.,,,,Sin observaciones adicionales.
37,Blanca Estela Villaseñor Contreras,EXP-FIC-1252/2002,CP-FIC-136/2002,Acopio de armas,Veracruz,Séptimo Circuito,Juzgado Primero de Distrito en Veracruz,Centro Federal de Reinserción Sureste (ficticio),Privado de la libertad únicamente por esta causa,2002-10-05,Cierre de instrucción / conclusiones,Juzgado Primero de Distrito en Veracruz,El Ministerio Público formuló conclusiones acusatorias el 15/04/2005.,,,,Defensa particular (dato ficticio).
38,Diego Aguilar Montes,EXP-FIC-1259/2025,CP-FIC-137/2025,Falsificación de moneda,Michoacán,Décimo Primer Circuito,Juzgado Segundo de Distrito en Michoacán,Centro Estatal de Reinserción Tierra Caliente (ficticio),Privado de la libertad también por causa penal distinta,2025-01-02,Instrucción,Juzgado Segundo de Distrito en Michoacán,Se difirió la audiencia de careos por falta de traslado el 31/01/2026.,,,,Cuenta con otra causa penal en trámite (dato ficticio).
39,Alejandra Estrada Campos,EXP-FIC-1266/2024,CP-FIC-138/2024,Falsificación de moneda,Sinaloa,Décimo Segundo Circuito,Juzgado Segundo de Distrito en Sinaloa,Centro Estatal de Reinserción Pacífico (ficticio),Privado de la libertad también por causa penal distinta,2024-01-29,Cierre de instrucción / conclusiones,Juzgado Segundo de Distrito en Sinaloa,Se celebró la audiencia de vista el 26/04/2024.,,,,Promovió amparo indirecto contra la prisión preventiva (dato ficticio).
40,Cristian Rangel Quintero,EXP-FIC-1273/2020,CP-FIC-139/2020,Tráfico de personas; Delitos contra el ambiente,Chihuahua,Décimo Séptimo Circuito,Juzgado Segundo de Distrito en Chihuahua,Centro Federal de Reinserción Frontera (ficticio),Privado de la libertad únicamente por esta causa,2020-06-11,Amparo directo,Tribunal Colegiado en Materia Penal del Décimo Séptimo Circuito (A.D. FIC-362/2023),El Tribunal Colegiado admitió la demanda de amparo directo el 22/09/2023.,2022-08-08,22,,Defensa pública federal (dato ficticio).
41,Isaac Espinoza Palacios,EXP-FIC-1280/2001,CP-FIC-140/2001,Robo de hidrocarburos,Ciudad de México,Primer Circuito,Juzgado Segundo de Distrito de Procesos Penales Federales en la Ciudad de México,Centro de Reinserción Norte (ficticio),Privado de la libertad únicamente por esta causa,2001-12-19,Reposición del procedimiento,Juzgado Segundo de Distrito de Procesos Penales Federales en la Ciudad de México,El Tribunal de Alzada ordenó la reposición del procedimiento el 10/10/2019.,,,,Se solicitó la revisión de la medida cautelar (dato ficticio).
42,Luis Enrique Quintero Arellano,EXP-FIC-1287/2025,CP-FIC-141/2025,Robo de hidrocarburos; Contra la salud (transporte),Estado de México,Segundo Circuito,Juzgado Segundo de Distrito en Materia Penal en el Estado de México,Centro Federal de Reinserción Región Centro (ficticio),Privado de la libertad únicamente por esta causa,2025-06-04,Cierre de instrucción / conclusiones,Juzgado Segundo de Distrito en Materia Penal en el Estado de México,Se celebró la audiencia de vista el 16/10/2025.,,,,Sin observaciones adicionales.
43,Juan Pablo Ramírez Soto,EXP-FIC-1294/2021,CP-FIC-142/2021,Falsificación de moneda,Jalisco,Tercer Circuito,Juzgado Segundo de Distrito en Materia Penal en Jalisco,Centro Federal de Reinserción Occidente (ficticio),Privado de la libertad únicamente por esta causa,2021-10-11,Instrucción,Juzgado Segundo de Distrito en Materia Penal en Jalisco,Se desahogó la prueba testimonial ofrecida por la defensa el 04/09/2024.,,,,Homonimia ficticia de prueba: existe otro registro con el mismo nombre y distinta causa.
44,Hugo Galindo Barrios,EXP-FIC-1301/2020,CP-FIC-143/2020,Contra la salud (transporte),Nuevo León,Cuarto Circuito,Juzgado Primero de Distrito en Materia Penal en Nuevo León,Centro Federal de Reinserción Noreste (ficticio),Privado de la libertad también por causa penal distinta,2020-04-14,Instrucción,Juzgado Primero de Distrito en Materia Penal en Nuevo León,Se difirió la audiencia de careos por falta de traslado el 15/01/2025.,,,,Cuenta con otra causa penal en trámite (dato ficticio).
45,Gerardo Medina Valencia,EXP-FIC-1308/2014,CP-FIC-144/2014,Defraudación fiscal; Delitos contra el ambiente,Sonora,Quinto Circuito,Juzgado Primero de Distrito en Sonora,Centro Estatal Costa Norte (ficticio),Privado de la libertad únicamente por esta causa,2014-05-17,Apelación (Tribunal de Alzada),Tribunal Colegiado de Apelación del Quinto Circuito (Toca FIC-1/2024),El Tribunal de Alzada admitió el recurso y señaló fecha para la vista el 23/09/2024.,2016-10-27,9,,Defensa pública federal (dato ficticio).
46,Salvador Lara Lozano,EXP-FIC-1315/2004,CP-FIC-145/2004,Falsificación de moneda,Puebla,Sexto Circuito,Juzgado Primero de Distrito en Materia Penal en Puebla,Centro Estatal de Reinserción Los Volcanes (ficticio),Privado de la libertad únicamente por esta causa,2004-11-29,Cierre de instrucción / conclusiones,Juzgado Primero de Distrito en Materia Penal en Puebla,Se celebró la audiencia de vista el 12/02/2012.,,,,Registro de prueba.
47,Gerardo Garza Orozco,EXP-FIC-1322/2026,CP-FIC-146/2026,Tráfico de personas; Acopio de armas,Veracruz,Séptimo Circuito,Juzgado Segundo de Distrito en Veracruz,Centro Federal de Reinserción Sureste (ficticio),Privado de la libertad también por causa penal distinta,2026-03-20,Instrucción,Juzgado Segundo de Distrito en Veracruz,Se difirió la audiencia de careos por falta de traslado el 11/04/2026.,,,,Defensa pública federal (dato ficticio).
48,Adrián Estrada Lozano,EXP-FIC-1329/2022,CP-FIC-147/2022,Portación de arma de fuego de uso exclusivo,Michoacán,Décimo Primer Circuito,Juzgado Primero de Distrito en Michoacán,Centro Estatal de Reinserción Tierra Caliente (ficticio),Privado de la libertad también por causa penal distinta,2022-10-06,Instrucción,Juzgado Primero de Distrito en Michoacán,Se admitieron las pruebas periciales ofrecidas por las partes el 31/08/2024.,,,,Pendiente de traslado a otro centro (dato ficticio).
49,Lorena Ibarra Cabrera,EXP-FIC-1336/2021,CP-FIC-148/2021,Delitos contra el ambiente,Sinaloa,Décimo Segundo Circuito,Juzgado Primero de Distrito en Sinaloa,Centro Federal de Reinserción Noroeste (ficticio),Privado de la libertad únicamente por esta causa,2021-09-14,Reposición del procedimiento,Juzgado Primero de Distrito en Sinaloa,El Tribunal de Alzada ordenó la reposición del procedimiento el 23/05/2026.,,,,Defensa particular (dato ficticio).
50,Bruno Ibarra Guerrero,EXP-FIC-1343/2013,CP-FIC-149/2013,Robo de hidrocarburos,Chihuahua,Décimo Séptimo Circuito,Juzgado Primero de Distrito en Chihuahua,Centro Federal de Reinserción Frontera (ficticio),Privado de la libertad únicamente por esta causa,2013-09-29,Reposición del procedimiento,Juzgado Primero de Distrito en Chihuahua,Se repuso el procedimiento a partir del auto de formal prisión el 26/05/2021.,,,,Pendiente de traslado a otro centro (dato ficticio).
51,Blanca Estela Benítez Zavala,EXP-FIC-1350/2026,CP-FIC-150/2026,Robo de hidrocarburos,Ciudad de México,Primer Circuito,Juzgado Tercero de Distrito de Procesos Penales Federales en la Ciudad de México,Centro de Reinserción Norte (ficticio),Privado de la libertad únicamente por esta causa,2026-07-02,Cierre de instrucción / conclusiones,Juzgado Tercero de Distrito de Procesos Penales Federales en la Ciudad de México,Se declaró cerrada la instrucción y se dio vista para conclusiones el 08/08/2026.,,,,Pendiente de traslado a otro centro (dato ficticio).
52,Ximena Domínguez Cervantes,EXP-FIC-1357/2024,CP-FIC-151/2024,Defraudación fiscal,Estado de México,Segundo Circuito,Juzgado Tercero de Distrito en Materia Penal en el Estado de México,Centro Estatal Valle Alto (ficticio),Privado de la libertad únicamente por esta causa,2024-02-12,Cierre de instrucción / conclusiones,Juzgado Tercero de Distrito en Materia Penal en el Estado de México,Se declaró cerrada la instrucción y se dio vista para conclusiones el 16/02/2026.,,,,Promovió amparo indirecto contra la prisión preventiva (dato ficticio).
53,Leonardo Valencia Mejía,EXP-FIC-1364/2021,CP-FIC-152/2021,Acopio de armas; Robo de hidrocarburos,Jalisco,Tercer Circuito,Juzgado Tercero de Distrito en Materia Penal en Jalisco,Centro Federal de Reinserción Occidente (ficticio),Privado de la libertad únicamente por esta causa,2021-04-05,Apelación (Tribunal de Alzada),Tribunal Colegiado de Apelación del Tercer Circuito (Toca FIC-291/2024),El Tribunal de Alzada admitió el recurso y señaló fecha para la vista el 14/12/2024.,2022-04-23,24,,Promovió amparo indirecto contra la prisión preventiva (dato ficticio).
54,Manuel Ibarra Cordero,EXP-FIC-1371/2010,CP-FIC-153/2010,Secuestro,Nuevo León,Cuarto Circuito,Juzgado Segundo de Distrito en Materia Penal en Nuevo León,Centro Estatal de Reinserción Sierra Madre (ficticio),Compurga pena por causa penal distinta,2010-01-21,Cierre de instrucción / conclusiones,Juzgado Segundo de Distrito en Materia Penal en Nuevo León,El Ministerio Público formuló conclusiones acusatorias el 04/07/2016.,,,,Registro de prueba.
55,Jesús Manuel Domínguez Rangel,EXP-FIC-1378/2001,CP-FIC-154/2001,Contra la salud (transporte),Sonora,Quinto Circuito,Juzgado Segundo de Distrito en Sonora,Centro Estatal Costa Norte (ficticio),Privado de la libertad únicamente por esta causa,2001-09-06,Reposición del procedimiento,Juzgado Segundo de Distrito en Sonora,El Tribunal de Alzada ordenó la reposición del procedimiento el 09/08/2006.,,,,Defensa particular (dato ficticio).
56,Jorge Alberto Guerrero Robles,EXP-FIC-1385/2025,CP-FIC-155/2025,Portación de arma de fuego de uso exclusivo; Falsificación de moneda,Puebla,Sexto Circuito,Juzgado Segundo de Distrito en Materia Penal en Puebla,Centro Estatal de Reinserción Los Volcanes (ficticio),Privado de la libertad únicamente por esta causa,2025-09-25,Sentencia de primera instancia,Juzgado Segundo de Distrito en Materia Penal en Puebla,Se notificó la sentencia de primera instancia a las partes el 16/09/2026.,2026-06-09,22,,Se solicitó la revisión de la medida cautelar (dato ficticio).
57,Javier Quintero Camacho,EXP-FIC-1392/2022,CP-FIC-156/2022,Defraudación fiscal; Contra la salud (transporte),Veracruz,Séptimo Circuito,Juzgado Tercero de Distrito en Veracruz,Centro Estatal de Reinserción Golfo (ficticio),Privado de la libertad únicamente por esta causa,2022-02-17,Instrucción,Juzgado Tercero de Distrito en Veracruz,Se admitieron las pruebas periciales ofrecidas por las partes el 20/07/2024.,,,,Defensa particular (dato ficticio).
58,Diego Medina Rosales,EXP-FIC-1399/2020,CP-FIC-157/2020,Secuestro; Delitos contra el ambiente,Michoacán,Décimo Primer Circuito,Juzgado Segundo de Distrito en Michoacán,Centro Regional Lago Azul (ficticio),Privado de la libertad únicamente por esta causa,2020-04-21,Instrucción,Juzgado Segundo de Distrito en Michoacán,Se desahogó la prueba testimonial ofrecida por la defensa el 27/05/2024.,,,,Defensa pública federal (dato ficticio).
59,Roberto Solís Rangel,EXP-FIC-1406/2009,CP-FIC-158/2009,Contra la salud (posesión con fines de comercio); Delitos contra el ambiente,Sinaloa,Décimo Segundo Circuito,Juzgado Segundo de Distrito en Sinaloa,Centro Federal de Reinserción Noroeste (ficticio),Privado de la libertad únicamente por esta causa,2009-06-09,Amparo directo,Tribunal Colegiado en Materia Penal del Décimo Segundo Circuito (A.D. FIC-319/2025),Se promovió amparo directo contra la resolución de segunda instancia; pendiente de resolución el 06/10/2025.,2015-01-09,24,,Sin observaciones adicionales.
60,Silvia Sandoval Estrada,EXP-FIC-1413/1998,CP-FIC-159/1998,Robo de hidrocarburos; Operaciones con recursos de procedencia ilícita,Chihuahua,Décimo Séptimo Circuito,Juzgado Segundo de Distrito en Chihuahua,Centro Federal de Reinserción Frontera (ficticio),Privado de la libertad únicamente por esta causa,1998-03-07,Instrucción,Juzgado Segundo de Distrito en Chihuahua,Se ordenó girar exhorto para el desahogo de una diligencia el 14/10/2011.,,,,Defensa pública federal (dato ficticio).
61,Mauricio Camacho Zamora,EXP-FIC-1420/2023,CP-FIC-160/2023,Robo de hidrocarburos,Ciudad de México,Primer Circuito,Juzgado Primero de Distrito de Procesos Penales Federales en la Ciudad de México,Centro de Reinserción Oriente (ficticio),Privado de la libertad también por causa penal distinta,2023-12-25,Cierre de instrucción / conclusiones,Juzgado Primero de Distrito de Procesos Penales Federales en la Ciudad de México,Se declaró cerrada la instrucción y se dio vista para conclusiones el 05/03/2026.,,,,Registro de prueba.
62,Edgar Barrios Sandoval,EXP-FIC-1427/2021,CP-FIC-161/2021,Contra la salud (posesión con fines de comercio); Acopio de armas,Estado de México,Segundo Circuito,Juzgado Primero de Distrito en Materia Penal en el Estado de México,Centro Federal de Reinserción Región Centro (ficticio),Compurga pena por causa penal distinta,2021-03-19,Sentencia de primera instancia,Juzgado Primero de Distrito en Materia Penal en el Estado de México,Se notificó la sentencia de primera instancia a las partes el 10/03/2026.,2025-08-04,20,,Defensa pública federal (dato ficticio).
63,Luis Enrique Tapia Sandoval,EXP-FIC-1434/2012,CP-FIC-162/2012,Portación de arma de fuego de uso exclusivo; Tráfico de personas,Jalisco,Tercer Circuito,Juzgado Primero de Distrito en Materia Penal en Jalisco,Centro Federal de Reinserción Occidente (ficticio),Privado de la libertad también por causa penal distinta,2012-04-12,Apelación (Tribunal de Alzada),Tribunal Colegiado de Apelación del Tercer Circuito (Toca FIC-29/2022),El Tribunal de Alzada admitió el recurso y señaló fecha para la vista el 26/12/2022.,2019-05-24,39,,Defensa particular (dato ficticio).
64,Juan Pablo Orozco Benítez,EXP-FIC-1441/1999,CP-FIC-163/1999,Acopio de armas; Falsificación de moneda,Nuevo León,Cuarto Circuito,Juzgado Primero de Distrito en Materia Penal en Nuevo León,Centro Estatal de Reinserción Sierra Madre (ficticio),Privado de la libertad únicamente por esta causa,1999-08-15,Instrucción,Juzgado Primero de Distrito en Materia Penal en Nuevo León,Se ordenó girar exhorto para el desahogo de una diligencia el 16/01/2009.,,,,Promovió amparo indirecto contra la prisión preventiva (dato ficticio).
65,Marco Antonio Cárdenas Pacheco,EXP-FIC-1448/2025,CP-FIC-164/2025,Contra la salud (posesión con fines de comercio),Sonora,Quinto Circuito,Juzgado Primero de Distrito en Sonora,Centro Estatal Costa Norte (ficticio),Privado de la libertad únicamente por esta causa,2025-12-12,Instrucción,Juzgado Primero de Distrito en Sonora,Se difirió la audiencia de careos por falta de traslado el 07/08/2026.,,,,Defensa pública federal (dato ficticio).
66,Edgar Solís Estrada,EXP-FIC-1455/2022,CP-FIC-165/2022,Contra la salud (posesión con fines de comercio); Delitos contra el ambiente,Puebla,Sexto Circuito,Juzgado Primero de Distrito en Materia Penal en Puebla,Centro Estatal de Reinserción Los Volcanes (ficticio),Privado de la libertad también por causa penal distinta,2022-12-18,Cierre de instrucción / conclusiones,Juzgado Primero de Distrito en Materia Penal en Puebla,Se declaró cerrada la instrucción y se dio vista para conclusiones el 20/07/2024.,,,,Se solicitó la revisión de la medida cautelar (dato ficticio).
67,Cristian Salazar Valencia,EXP-FIC-1462/2020,CP-FIC-166/2020,Portación de arma de fuego de uso exclusivo,Veracruz,Séptimo Circuito,Juzgado Primero de Distrito en Veracruz,Centro Estatal de Reinserción Golfo (ficticio),Privado de la libertad únicamente por esta causa,2020-11-18,Reposición del procedimiento,Juzgado Primero de Distrito en Veracruz,El Tribunal de Alzada ordenó la reposición del procedimiento el 10/02/2023.,,,,Registro de prueba.
68,José Luis Hernández Ruiz,EXP-FIC-1469/2011,CP-FIC-167/2011,Portación de arma de fuego de uso exclusivo,Michoacán,Décimo Primer Circuito,Juzgado Primero de Distrito en Michoacán,Centro Regional Lago Azul (ficticio),Privado de la libertad también por causa penal distinta,2011-12-27,Cierre de instrucción / conclusiones,Juzgado Primero de Distrito en Michoacán,Se celebró la audiencia de vista el 18/11/2020.,,,,Homonimia ficticia de prueba: existe otro registro con el mismo nombre y distinta causa.
69,Ricardo Cabrera Benítez,EXP-FIC-1476/2003,CP-FIC-168/2003,Operaciones con recursos de procedencia ilícita,Sinaloa,Décimo Segundo Circuito,Juzgado Primero de Distrito en Sinaloa,Centro Federal de Reinserción Noroeste (ficticio),Privado de la libertad también por causa penal distinta,2003-11-29,Apelación (Tribunal de Alzada),Tribunal Colegiado de Apelación del Décimo Segundo Circuito (Toca FIC-216/2012),El Tribunal de Alzada admitió el recurso y señaló fecha para la vista el 16/06/2012.,2007-08-31,51,,Registro de prueba.
70,Carlos Iván Figueroa Sandoval,EXP-FIC-1483/2026,CP-FIC-169/2026,Tráfico de personas,Chihuahua,Décimo Séptimo Circuito,Juzgado Primero de Distrito en Chihuahua,Centro Federal de Reinserción Frontera (ficticio),Privado de la libertad únicamente por esta causa,2026-06-14,Cierre de instrucción / conclusiones,Juzgado Primero de Distrito en Chihuahua,Se celebró la audiencia de vista el 15/07/2026.,,,,Promovió amparo indirecto contra la prisión preventiva (dato ficticio).
71,Víctor Hugo Lara Orozco,EXP-FIC-1490/2020,CP-FIC-170/2020,Delincuencia organizada; Portación de arma de fuego de uso exclusivo,Ciudad de México,Primer Circuito,Juzgado Segundo de Distrito de Procesos Penales Federales en la Ciudad de México,Centro de Reinserción Norte (ficticio),Privado de la libertad únicamente por esta causa,2020-12-30,Amparo directo,Tribunal Colegiado en Materia Penal del Primer Circuito (A.D. FIC-450/2026),Se promovió amparo directo contra la resolución de segunda instancia; pendiente de resolución el 07/05/2026.,2024-04-27,39,,Defensa pública federal (dato ficticio).
72,Benito Contreras Mejía,EXP-FIC-1497/2012,CP-FIC-171/2012,Acopio de armas,Estado de México,Segundo Circuito,Juzgado Segundo de Distrito en Materia Penal en el Estado de México,Centro Federal de Reinserción Región Centro (ficticio),Privado de la libertad únicamente por esta causa,2012-03-25,Apelación (Tribunal de Alzada),Tribunal Colegiado de Apelación del Segundo Circuito (Toca FIC-261/2021),El Tribunal de Alzada admitió el recurso y señaló fecha para la vista el 10/11/2021.,2020-11-10,35,,Cuenta con otra causa penal en trámite (dato ficticio).
73,Benito Espinoza Aguilar,EXP-FIC-1504/2000,CP-FIC-172/2000,Defraudación fiscal; Acopio de armas,Jalisco,Tercer Circuito,Juzgado Segundo de Distrito en Materia Penal en Jalisco,Centro Estatal de Reinserción Los Altos (ficticio),Privado de la libertad también por causa penal distinta,,Instrucción,Juzgado Segundo de Distrito en Materia Penal en Jalisco,Se admitieron las pruebas periciales ofrecidas por las partes el 16/04/2021.,,,,Registro de prueba sin fecha de auto de formal prisión.
74,Omar Rangel Orozco,EXP-FIC-1511/2024,CP-FIC-173/2024,Falsificación de moneda,Nuevo León,Cuarto Circuito,Juzgado Segundo de Distrito en Materia Penal en Nuevo León,Centro Estatal de Reinserción Sierra Madre (ficticio),Privado de la libertad únicamente por esta causa,2024-10-11,Instrucción,Juzgado Segundo de Distrito en Materia Penal en Nuevo León,Se admitieron las pruebas periciales ofrecidas por las partes el 11/10/2025.,,,,Cuenta con otra causa penal en trámite (dato ficticio).
75,Ernesto Lara Leyva,EXP-FIC-1518/2023,CP-FIC-174/2023,Falsificación de moneda,Sonora,Quinto Circuito,Juzgado Segundo de Distrito en Sonora,Centro Estatal Costa Norte (ficticio),Privado de la libertad únicamente por esta causa,2023-01-04,Apelación (Tribunal de Alzada),Tribunal Colegiado de Apelación del Quinto Circuito (Toca FIC-204/2024),Se interpuso apelación contra la sentencia de primera instancia; pendiente de resolución el 19/12/2024.,2024-04-25,25,,Defensa particular (dato ficticio).
76,Raúl Garza Cárdenas,EXP-FIC-1525/2019,CP-FIC-175/2019,Robo de hidrocarburos,Puebla,Sexto Circuito,Juzgado Segundo de Distrito en Materia Penal en Puebla,Centro Estatal de Reinserción Los Volcanes (ficticio),Privado de la libertad únicamente por esta causa,2019-06-05,Apelación (Tribunal de Alzada),Tribunal Colegiado de Apelación del Sexto Circuito (Toca FIC-273/2024),El Tribunal de Alzada admitió el recurso y señaló fecha para la vista el 22/06/2024.,2020-06-05,9,,Defensa pública federal (dato ficticio).
77,Rosa Isela Montes Lozano,EXP-FIC-1532/2006,CP-FIC-176/2006,Defraudación fiscal,Veracruz,Séptimo Circuito,Juzgado Segundo de Distrito en Veracruz,Centro Federal de Reinserción Sureste (ficticio),Privado de la libertad únicamente por esta causa,2006-11-10,Reposición del procedimiento,Juzgado Segundo de Distrito en Veracruz,Se repuso el procedimiento a partir del auto de formal prisión el 20/03/2021.,,,,Defensa particular (dato ficticio).
78,Alejandra Aguilar Domínguez,EXP-FIC-1539/2006,CP-FIC-177/2006,Secuestro,Michoacán,Décimo Primer Circuito,Juzgado Segundo de Distrito en Michoacán,Centro Regional Lago Azul (ficticio),Privado de la libertad únicamente por esta causa,2006-09-01,Apelación (Tribunal de Alzada),Tribunal Colegiado de Apelación del Décimo Primer Circuito (Toca FIC-272/2024),El Tribunal de Alzada admitió el recurso y señaló fecha para la vista el 03/03/2024.,2017-03-01,60,,Defensa pública federal (dato ficticio).
79,María Fernanda López Castro,EXP-FIC-1546/2025,CP-FIC-178/2025,Delincuencia organizada,Sinaloa,Décimo Segundo Circuito,Juzgado Segundo de Distrito en Sinaloa,Centro Federal de Reinserción Noroeste (ficticio),Privado de la libertad únicamente por esta causa,2025-04-13,Sentencia de primera instancia,Juzgado Segundo de Distrito en Sinaloa,Se notificó la sentencia de primera instancia a las partes el 28/09/2026.,2025-12-10,8,,Homonimia ficticia de prueba: existe otro registro con el mismo nombre y distinta causa.
80,Esteban Solís Benítez,EXP-FIC-1553/2024,CP-FIC-179/2024,Contra la salud (transporte),Chihuahua,Décimo Séptimo Circuito,Juzgado Segundo de Distrito en Chihuahua,Centro Estatal de Reinserción Barrancas (ficticio),Privado de la libertad también por causa penal distinta,2024-07-06,Sentencia de primera instancia,Juzgado Segundo de Distrito en Chihuahua,Se notificó la sentencia de primera instancia a las partes el 29/08/2026.,2026-07-04,15,,Sin observaciones adicionales.
81,Gabriel Cordero Fuentes,EXP-FIC-1560/2015,CP-FIC-180/2015,Delitos contra el ambiente,Ciudad de México,Primer Circuito,Juzgado Tercero de Distrito de Procesos Penales Federales en la Ciudad de México,Centro de Reinserción Oriente (ficticio),Privado de la libertad únicamente por esta causa,2015-01-30,Reposición del procedimiento,Juzgado Tercero de Distrito de Procesos Penales Federales en la Ciudad de México,El Tribunal de Alzada ordenó la reposición del procedimiento el 26/10/2018.,,,,Defensa pública federal (dato ficticio).
82,Gabriel Navarro Salazar,EXP-FIC-1567/1998,CP-FIC-181/1998,Portación de arma de fuego de uso exclusivo,Estado de México,Segundo Circuito,Juzgado Tercero de Distrito en Materia Penal en el Estado de México,Centro Estatal Valle Alto (ficticio),Privado de la libertad únicamente por esta causa,1998-03-21,Apelación (Tribunal de Alzada),Tribunal Colegiado de Apelación del Segundo Circuito (Toca FIC-227/2014),El Tribunal de Alzada admitió el recurso y señaló fecha para la vista el 13/10/2014.,2007-11-06,15,,Defensa particular (dato ficticio).
83,Cecilia Arellano Leyva,EXP-FIC-1574/2026,CP-FIC-182/2026,Delitos contra el ambiente,Jalisco,Tercer Circuito,Juzgado Tercero de Distrito en Materia Penal en Jalisco,Centro Estatal de Reinserción Los Altos (ficticio),Privado de la libertad únicamente por esta causa,2026-01-23,Instrucción,Juzgado Tercero de Distrito en Materia Penal en Jalisco,Se ordenó girar exhorto para el desahogo de una diligencia el 18/07/2026.,,,,Defensa particular (dato ficticio).
84,Néstor Palacios Medina,EXP-FIC-1581/2022,CP-FIC-183/2022,Acopio de armas; Delitos contra el ambiente,Nuevo León,Cuarto Circuito,Juzgado Primero de Distrito en Materia Penal en Nuevo León,Centro Estatal de Reinserción Sierra Madre (ficticio),Privado de la libertad únicamente por esta causa,2022-02-21,Instrucción,Juzgado Primero de Distrito en Materia Penal en Nuevo León,Se ordenó girar exhorto para el desahogo de una diligencia el 14/08/2025.,,,,Defensa pública federal (dato ficticio).
85,Alejandra Pacheco Valencia,EXP-FIC-1588/2017,CP-FIC-184/2017,Tráfico de personas,Sonora,Quinto Circuito,Juzgado Primero de Distrito en Sonora,Centro Federal de Reinserción Desierto (ficticio),Privado de la libertad únicamente por esta causa,2017-07-27,Apelación (Tribunal de Alzada),Tribunal Colegiado de Apelación del Quinto Circuito (Toca FIC-273/2023),Se interpuso apelación contra la sentencia de primera instancia; pendiente de resolución el 27/07/2023.,2023-01-01,39,,Promovió amparo indirecto contra la prisión preventiva (dato ficticio).
86,Jesús Manuel Tapia Cárdenas,EXP-FIC-1595/2008,CP-FIC-185/2008,Contra la salud (posesión con fines de comercio),Puebla,Sexto Circuito,Juzgado Primero de Distrito en Materia Penal en Puebla,Centro Estatal de Reinserción Los Volcanes (ficticio),Privado de la libertad únicamente por esta causa,2008-06-12,Sentencia de primera instancia,Juzgado Primero de Distrito en Materia Penal en Puebla,Se dictó sentencia de primera instancia; corre el plazo para apelar el 20/08/2026.,2024-07-13,41,,Pendiente de traslado a otro centro (dato ficticio).
87,Juan Pablo Pacheco Arellano,EXP-FIC-1602/2001,CP-FIC-186/2001,Delitos contra el ambiente,Veracruz,Séptimo Circuito,Juzgado Tercero de Distrito en Veracruz,Centro Estatal de Reinserción Golfo (ficticio),Privado de la libertad únicamente por esta causa,2001-12-28,Apelación (Tribunal de Alzada),Tribunal Colegiado de Apelación del Séptimo Circuito (Toca FIC-222/2025),Se interpuso apelación contra la sentencia de primera instancia; pendiente de resolución el 03/04/2025.,2023-05-19,47,,Se solicitó la revisión de la medida cautelar (dato ficticio).
88,Víctor Hugo Maldonado Galindo,EXP-FIC-1609/2025,CP-FIC-187/2025,Portación de arma de fuego de uso exclusivo,Michoacán,Décimo Primer Circuito,Juzgado Primero de Distrito en Michoacán,Centro Regional Lago Azul (ficticio),Compurga pena por causa penal distinta,2025-09-20,Instrucción,Juzgado Primero de Distrito en Michoacán,Se desahogó la prueba testimonial ofrecida por la defensa el 02/06/2026.,,,,Defensa particular (dato ficticio).
89,Hugo Valdez Galindo,EXP-FIC-1616/2022,CP-FIC-188/2022,Contra la salud (posesión con fines de comercio),Sinaloa,Décimo Segundo Circuito,Juzgado Primero de Distrito en Sinaloa,Centro Estatal de Reinserción Pacífico (ficticio),Compurga pena por causa penal distinta,2022-05-23,Reposición del procedimiento,Juzgado Primero de Distrito en Sinaloa,El Tribunal de Alzada ordenó la reposición del procedimiento el 14/02/2023.,,,,Promovió amparo indirecto contra la prisión preventiva (dato ficticio).
90,Juan Pablo Ramírez Soto,EXP-FIC-1623/2019,CP-FIC-189/2019,Robo de hidrocarburos,Chihuahua,Décimo Séptimo Circuito,Juzgado Primero de Distrito en Chihuahua,Centro Estatal de Reinserción Barrancas (ficticio),Privado de la libertad únicamente por esta causa,2019-09-03,Instrucción,Juzgado Primero de Distrito en Chihuahua,Se difirió la audiencia de careos por falta de traslado el 08/10/2019.,,,,Homonimia ficticia de prueba: existe otro registro con el mismo nombre y distinta causa.
91,Víctor Hugo Miranda Cervantes,EXP-FIC-1630/1997,CP-FIC-190/1997,Delincuencia organizada; Delitos contra el ambiente,Ciudad de México,Primer Circuito,Juzgado Primero de Distrito de Procesos Penales Federales en la Ciudad de México,Centro de Reinserción Oriente (ficticio),Privado de la libertad únicamente por esta causa,1997-10-05,Sentencia de primera instancia,Juzgado Primero de Distrito de Procesos Penales Federales en la Ciudad de México,Se notificó la sentencia de primera instancia a las partes el 24/05/2025.,2017-10-24,49,,Promovió amparo indirecto contra la prisión preventiva (dato ficticio).
92,Emilio Valencia Orozco,EXP-FIC-1637/2025,CP-FIC-191/2025,Contra la salud (posesión con fines de comercio); Portación de arma de fuego de uso exclusivo,Estado de México,Segundo Circuito,Juzgado Primero de Distrito en Materia Penal en el Estado de México,Centro Federal de Reinserción Región Centro (ficticio),Privado de la libertad únicamente por esta causa,2025-11-05,Instrucción,Juzgado Primero de Distrito en Materia Penal en el Estado de México,Se ordenó girar exhorto para el desahogo de una diligencia el 15/01/2026.,,,,Defensa pública federal (dato ficticio).
93,Salvador Ochoa Robles,EXP-FIC-1644/2023,CP-FIC-192/2023,Defraudación fiscal,Jalisco,Tercer Circuito,Juzgado Primero de Distrito en Materia Penal en Jalisco,Centro Estatal de Reinserción Los Altos (ficticio),Compurga pena por causa penal distinta,2023-11-05,Instrucción,Juzgado Primero de Distrito en Materia Penal en Jalisco,Se difirió la audiencia de careos por falta de traslado el 25/01/2024.,,,,Promovió amparo indirecto contra la prisión preventiva (dato ficticio).
94,Cecilia Zamora Valdez,EXP-FIC-1651/2017,CP-FIC-193/2017,Delitos contra el ambiente; Operaciones con recursos de procedencia ilícita,Nuevo León,Cuarto Circuito,Juzgado Segundo de Distrito en Materia Penal en Nuevo León,Centro Estatal de Reinserción Sierra Madre (ficticio),Privado de la libertad únicamente por esta causa,2017-01-26,Amparo directo,Tribunal Colegiado en Materia Penal del Cuarto Circuito (A.D. FIC-393/2018),Se promovió amparo directo contra la resolución de segunda instancia; pendiente de resolución el 30/09/2018.,2017-07-08,29,,Defensa pública federal (dato ficticio).
95,Fabiola Tapia Arellano,EXP-FIC-1658/2010,CP-FIC-194/2010,Delitos contra el ambiente,Sonora,Quinto Circuito,Juzgado Segundo de Distrito en Sonora,Centro Estatal Costa Norte (ficticio),Privado de la libertad únicamente por esta causa,2010-01-13,Reposición del procedimiento,Juzgado Segundo de Distrito en Sonora,El Tribunal de Alzada ordenó la reposición del procedimiento el 01/08/2020.,,,,Se solicitó la revisión de la medida cautelar (dato ficticio).
96,José Luis Hernández Ríos,EXP-FIC-1665/1999,CP-FIC-195/1999,Contra la salud (posesión con fines de comercio),Puebla,Sexto Circuito,Juzgado Segundo de Distrito en Materia Penal en Puebla,Centro Estatal de Reinserción Los Volcanes (ficticio),Privado de la libertad únicamente por esta causa,1999-10-31,Reposición del procedimiento,Juzgado Segundo de Distrito en Materia Penal en Puebla,Se repuso el procedimiento a partir del auto de formal prisión el 20/12/2008.,,,,"Nombre ficticio similar a otro registro, para probar búsquedas ambiguas."
97,Daniela Tapia Campos,EXP-FIC-1672/2025,CP-FIC-196/2025,Acopio de armas; Falsificación de moneda,Veracruz,Séptimo Circuito,Juzgado Primero de Distrito en Veracruz,Centro Estatal de Reinserción Golfo (ficticio),Privado de la libertad únicamente por esta causa,2025-05-20,Instrucción,Juzgado Primero de Distrito en Veracruz,Se difirió la audiencia de careos por falta de traslado el 04/03/2026.,,,,Registro de prueba.
98,José Luis Lara Mejía,EXP-FIC-1679/2022,CP-FIC-197/2022,Operaciones con recursos de procedencia ilícita; Falsificación de moneda,Michoacán,Décimo Primer Circuito,Juzgado Segundo de Distrito en Michoacán,Centro Estatal de Reinserción Tierra Caliente (ficticio),Privado de la libertad también por causa penal distinta,2022-07-10,Instrucción,Juzgado Segundo de Distrito en Michoacán,Se difirió la audiencia de careos por falta de traslado el 27/06/2025.,,,,Registro de prueba.
99,Bruno Valdez Estrada,EXP-FIC-1686/2020,CP-FIC-198/2020,Secuestro; Delincuencia organizada,Sinaloa,Décimo Segundo Circuito,Juzgado Segundo de Distrito en Sinaloa,Centro Federal de Reinserción Noroeste (ficticio),Compurga pena por causa penal distinta,2020-05-10,Sentencia de primera instancia,Juzgado Segundo de Distrito en Sinaloa,Se dictó sentencia de primera instancia; corre el plazo para apelar el 21/05/2023.,2023-04-07,27,,Se solicitó la revisión de la medida cautelar (dato ficticio).
100,Beatriz Bautista Cordero,EXP-FIC-1693/2013,CP-FIC-199/2013,Delitos contra el ambiente; Robo de hidrocarburos,Chihuahua,Décimo Séptimo Circuito,Juzgado Segundo de Distrito en Chihuahua,Centro Estatal de Reinserción Barrancas (ficticio),Privado de la libertad únicamente por esta causa,2013-04-28,Cierre de instrucción / conclusiones,Juzgado Segundo de Distrito en Chihuahua,El Ministerio Público formuló conclusiones acusatorias el 24/08/2015.,,,,Registro de prueba.
101,Daniela Zavala Montes,EXP-FIC-1700/2026,CP-FIC-200/2026,Delincuencia organizada,Ciudad de México,Primer Circuito,Juzgado Segundo de Distrito de Procesos Penales Federales en la Ciudad de México,Centro de Reinserción Oriente (ficticio),Privado de la libertad únicamente por esta causa,2026-07-02,Instrucción,Juzgado Segundo de Distrito de Procesos Penales Federales en la Ciudad de México,Se admitieron las pruebas periciales ofrecidas por las partes el 01/09/2026.,,,,Registro de prueba.
102,Víctor Hugo Espinoza Tapia,EXP-FIC-1707/2023,CP-FIC-201/2023,Contra la salud (posesión con fines de comercio),Estado de México,Segundo Circuito,Juzgado Segundo de Distrito en Materia Penal en el Estado de México,Centro Estatal Valle Alto (ficticio),Privado de la libertad únicamente por esta causa,2023-10-27,Cierre de instrucción / conclusiones,Juzgado Segundo de Distrito en Materia Penal en el Estado de México,El Ministerio Público formuló conclusiones acusatorias el 02/05/2025.,,,,Promovió amparo indirecto contra la prisión preventiva (dato ficticio).
103,Miguel Ángel Campos Campos,EXP-FIC-1714/2020,CP-FIC-202/2020,Operaciones con recursos de procedencia ilícita,Jalisco,Tercer Circuito,Juzgado Segundo de Distrito en Materia Penal en Jalisco,Centro Federal de Reinserción Occidente (ficticio),Privado de la libertad únicamente por esta causa,2020-08-17,Sentencia de primera instancia,Juzgado Segundo de Distrito en Materia Penal en Jalisco,Se dictó sentencia de primera instancia; corre el plazo para apelar el 09/10/2024.,2023-12-14,11,,Se solicitó la revisión de la medida cautelar (dato ficticio).
104,Arturo Quintero Peña,EXP-FIC-1721/2007,CP-FIC-203/2007,Robo de hidrocarburos; Contra la salud (posesión con fines de comercio),Nuevo León,Cuarto Circuito,Juzgado Primero de Distrito en Materia Penal en Nuevo León,Centro Federal de Reinserción Noreste (ficticio),Privado de la libertad únicamente por esta causa,2007-10-14,Apelación (Tribunal de Alzada),Tribunal Colegiado de Apelación del Cuarto Circuito (Toca FIC-160/2026),El Tribunal de Alzada admitió el recurso y señaló fecha para la vista el 15/06/2026.,2025-08-15,17,,Promovió amparo indirecto contra la prisión preventiva (dato ficticio).
105,José Luis Fernández Ruiz,EXP-FIC-1728/1997,CP-FIC-204/1997,Delitos contra el ambiente,Sonora,Quinto Circuito,Juzgado Primero de Distrito en Sonora,Centro Federal de Reinserción Desierto (ficticio),Privado de la libertad únicamente por esta causa,1997-01-25,Apelación (Tribunal de Alzada),Tribunal Colegiado de Apelación del Quinto Circuito (Toca FIC-186/2001),Se interpuso apelación contra la sentencia de primera instancia; pendiente de resolución el 21/03/2001.,2000-07-14,47,,"Nombre ficticio similar a otro registro, para probar búsquedas ambiguas."
106,Víctor Hugo Tapia Zamora,EXP-FIC-1735/2026,CP-FIC-205/2026,Secuestro,Puebla,Sexto Circuito,Juzgado Primero de Distrito en Materia Penal en Puebla,Centro Estatal de Reinserción Los Volcanes (ficticio),Privado de la libertad únicamente por esta causa,2026-08-05,Instrucción,Juzgado Primero de Distrito en Materia Penal en Puebla,Se difirió la audiencia de careos por falta de traslado el 11/09/2026.,,,,Defensa particular (dato ficticio).
107,Diego Garza Fuentes,EXP-FIC-1742/2023,CP-FIC-206/2023,Delincuencia organizada,Veracruz,Séptimo Circuito,Juzgado Segundo de Distrito en Veracruz,Centro Estatal de Reinserción Golfo (ficticio),Compurga pena por causa penal distinta,2023-11-18,Apelación (Tribunal de Alzada),Tribunal Colegiado de Apelación del Séptimo Circuito (Toca FIC-201/2026),Se interpuso apelación contra la sentencia de primera instancia; pendiente de resolución el 23/03/2026.,2026-02-17,7,,Promovió amparo indirecto contra la prisión preventiva (dato ficticio).
108,Martha Cárdenas Lara,EXP-FIC-1749/2018,CP-FIC-207/2018,Contra la salud (posesión con fines de comercio); Robo de hidrocarburos,Michoacán,Décimo Primer Circuito,Juzgado Primero de Distrito en Michoacán,Centro Estatal de Reinserción Tierra Caliente (ficticio),Compurga pena por causa penal distinta,2018-09-29,Instrucción,Juzgado Primero de Distrito en Michoacán,Se admitieron las pruebas periciales ofrecidas por las partes el 09/11/2022.,,,,Pendiente de traslado a otro centro (dato ficticio).
109,Sergio Sandoval Figueroa,EXP-FIC-1756/2008,CP-FIC-208/2008,Delitos contra el ambiente,Sinaloa,Décimo Segundo Circuito,Juzgado Primero de Distrito en Sinaloa,Centro Estatal de Reinserción Pacífico (ficticio),Privado de la libertad únicamente por esta causa,2008-03-29,Cierre de instrucción / conclusiones,Juzgado Primero de Distrito en Sinaloa,Se celebró la audiencia de vista el 29/08/2025.,,,,Se solicitó la revisión de la medida cautelar (dato ficticio).
110,Zacarías Guerrero Cabrera,EXP-FIC-1763/2004,CP-FIC-209/2004,Tráfico de personas,Chihuahua,Décimo Séptimo Circuito,Juzgado Primero de Distrito en Chihuahua,Centro Federal de Reinserción Frontera (ficticio),Privado de la libertad únicamente por esta causa,2004-08-10,Sentencia de primera instancia,Juzgado Primero de Distrito en Chihuahua,Se dictó sentencia de primera instancia; corre el plazo para apelar el 03/01/2021.,2020-09-10,28,,Defensa pública federal (dato ficticio).
111,Karina Aguilar Montes,EXP-FIC-1770/2024,CP-FIC-210/2024,Defraudación fiscal,Ciudad de México,Primer Circuito,Juzgado Tercero de Distrito de Procesos Penales Federales en la Ciudad de México,Centro de Reinserción Oriente (ficticio),Compurga pena por causa penal distinta,2024-08-01,Instrucción,Juzgado Tercero de Distrito de Procesos Penales Federales en la Ciudad de México,Se desahogó la prueba testimonial ofrecida por la defensa el 24/11/2024.,,,,Promovió amparo indirecto contra la prisión preventiva (dato ficticio).
112,Pablo Estrada Salazar,EXP-FIC-1777/2020,CP-FIC-211/2020,Defraudación fiscal; Falsificación de moneda,Estado de México,Segundo Circuito,Juzgado Tercero de Distrito en Materia Penal en el Estado de México,Centro Estatal Valle Alto (ficticio),Privado de la libertad también por causa penal distinta,2020-12-13,Apelación (Tribunal de Alzada),Tribunal Colegiado de Apelación del Segundo Circuito (Toca FIC-177/2026),Se interpuso apelación contra la sentencia de primera instancia; pendiente de resolución el 31/01/2026.,2023-12-02,47,,Pendiente de traslado a otro centro (dato ficticio).
113,Rodrigo Rosales Zavala,EXP-FIC-1784/2008,CP-FIC-212/2008,Portación de arma de fuego de uso exclusivo; Secuestro,Jalisco,Tercer Circuito,Juzgado Tercero de Distrito en Materia Penal en Jalisco,Centro Federal de Reinserción Occidente (ficticio),Privado de la libertad únicamente por esta causa,2008-09-03,Sentencia de primera instancia,Juzgado Tercero de Distrito en Materia Penal en Jalisco,Se notificó la sentencia de primera instancia a las partes el 08/03/2010.,2009-12-02,59,,Se solicitó la revisión de la medida cautelar (dato ficticio).
114,María Fernanda López Castillo,EXP-FIC-1791/2006,CP-FIC-213/2006,Contra la salud (posesión con fines de comercio),Nuevo León,Cuarto Circuito,Juzgado Segundo de Distrito en Materia Penal en Nuevo León,Centro Federal de Reinserción Noreste (ficticio),Privado de la libertad únicamente por esta causa,2006-03-11,Reposición del procedimiento,Juzgado Segundo de Distrito en Materia Penal en Nuevo León,Se repuso el procedimiento a partir del auto de formal prisión el 16/10/2024.,,,,"Nombre ficticio similar a otro registro, para probar búsquedas ambiguas."
115,Diego Miranda Miranda,EXP-FIC-1798/2026,CP-FIC-214/2026,Robo de hidrocarburos,Sonora,Quinto Circuito,Juzgado Segundo de Distrito en Sonora,Centro Estatal Costa Norte (ficticio),Privado de la libertad únicamente por esta causa,2026-05-31,Cierre de instrucción / conclusiones,Juzgado Segundo de Distrito en Sonora,Se declaró cerrada la instrucción y se dio vista para conclusiones el 09/08/2026.,,,,Defensa pública federal (dato ficticio).
116,Mónica Medina Medina,EXP-FIC-1805/2023,CP-FIC-215/2023,Contra la salud (transporte),Puebla,Sexto Circuito,Juzgado Segundo de Distrito en Materia Penal en Puebla,Centro Regional de Reinserción Sur (ficticio),Compurga pena por causa penal distinta,2023-06-25,Apelación (Tribunal de Alzada),Tribunal Colegiado de Apelación del Sexto Circuito (Toca FIC-203/2025),El Tribunal de Alzada admitió el recurso y señaló fecha para la vista el 07/07/2025.,2025-03-16,49,,Se solicitó la revisión de la medida cautelar (dato ficticio).
117,Emilio Contreras Sandoval,EXP-FIC-1812/2021,CP-FIC-216/2021,Falsificación de moneda,Veracruz,Séptimo Circuito,Juzgado Tercero de Distrito en Veracruz,Centro Estatal de Reinserción Golfo (ficticio),Privado de la libertad únicamente por esta causa,2021-06-10,Cierre de instrucción / conclusiones,Juzgado Tercero de Distrito en Veracruz,Se celebró la audiencia de vista el 04/12/2022.,,,,Cuenta con otra causa penal en trámite (dato ficticio).
118,Mario Zavala Bautista,EXP-FIC-1819/2014,CP-FIC-217/2014,Delincuencia organizada; Tráfico de personas,Michoacán,Décimo Primer Circuito,Juzgado Segundo de Distrito en Michoacán,Centro Estatal de Reinserción Tierra Caliente (ficticio),Privado de la libertad también por causa penal distinta,2014-01-06,Apelación (Tribunal de Alzada),Tribunal Colegiado de Apelación del Décimo Primer Circuito (Toca FIC-191/2020),El Tribunal de Alzada admitió el recurso y señaló fecha para la vista el 04/05/2020.,2017-10-02,44,,Promovió amparo indirecto contra la prisión preventiva (dato ficticio).
119,Blanca Estela Valencia Galindo,EXP-FIC-1826/2001,CP-FIC-218/2001,Falsificación de moneda,Sinaloa,Décimo Segundo Circuito,Juzgado Segundo de Distrito en Sinaloa,Centro Federal de Reinserción Noroeste (ficticio),Privado de la libertad únicamente por esta causa,2001-05-29,Apelación (Tribunal de Alzada),Tribunal Colegiado de Apelación del Décimo Segundo Circuito (Toca FIC-47/2019),El Tribunal de Alzada admitió el recurso y señaló fecha para la vista el 30/05/2019.,2010-06-23,52,,Promovió amparo indirecto contra la prisión preventiva (dato ficticio).
120,Ramiro Cordero Márquez,EXP-FIC-1833/2026,CP-FIC-219/2026,Portación de arma de fuego de uso exclusivo,Chihuahua,Décimo Séptimo Circuito,Juzgado Segundo de Distrito en Chihuahua,Centro Estatal de Reinserción Barrancas (ficticio),Privado de la libertad únicamente por esta causa,2026-03-19,Instrucción,Juzgado Segundo de Distrito en Chihuahua,Se desahogó la prueba testimonial ofrecida por la defensa el 28/06/2026.,,,,Cuenta con otra causa penal en trámite (dato ficticio).
121,Bruno Castañeda Cárdenas,EXP-FIC-1840/2018,CP-FIC-220/2018,Robo de hidrocarburos,Ciudad de México,Primer Circuito,Juzgado Primero de Distrito de Procesos Penales Federales en la Ciudad de México,Centro de Reinserción Oriente (ficticio),Privado de la libertad únicamente por esta causa,2018-11-16,Cierre de instrucción / conclusiones,Juzgado Primero de Distrito de Procesos Penales Federales en la Ciudad de México,El Ministerio Público formuló conclusiones acusatorias el 11/05/2024.,,,,Sin observaciones adicionales.
122,Salvador Sandoval Solís,EXP-FIC-1847/2008,CP-FIC-221/2008,Secuestro,Estado de México,Segundo Circuito,Juzgado Primero de Distrito en Materia Penal en el Estado de México,Centro Estatal Valle Alto (ficticio),Compurga pena por causa penal distinta,2008-02-29,Apelación (Tribunal de Alzada),Tribunal Colegiado de Apelación del Segundo Circuito (Toca FIC-62/2026),El Tribunal de Alzada admitió el recurso y señaló fecha para la vista el 06/03/2026.,2026-02-07,7,,Defensa particular (dato ficticio).
123,Iris Cárdenas Gallardo,EXP-FIC-1854/2004,CP-FIC-222/2004,Portación de arma de fuego de uso exclusivo,Jalisco,Tercer Circuito,Juzgado Primero de Distrito en Materia Penal en Jalisco,Centro Estatal de Reinserción Los Altos (ficticio),Compurga pena por causa penal distinta,2004-05-06,Instrucción,Juzgado Primero de Distrito en Materia Penal en Jalisco,Se admitieron las pruebas periciales ofrecidas por las partes el 27/06/2019.,,,,Promovió amparo indirecto contra la prisión preventiva (dato ficticio).
124,Ernesto Estrada Maldonado,EXP-FIC-1861/2025,CP-FIC-223/2025,Portación de arma de fuego de uso exclusivo,Nuevo León,Cuarto Circuito,Juzgado Primero de Distrito en Materia Penal en Nuevo León,Centro Estatal de Reinserción Sierra Madre (ficticio),Privado de la libertad únicamente por esta causa,2025-03-28,Instrucción,Juzgado Primero de Distrito en Materia Penal en Nuevo León,Se admitieron las pruebas periciales ofrecidas por las partes el 24/08/2025.,,,,Registro de prueba.
125,Gabriel Barrios Lozano,EXP-FIC-1868/2021,CP-FIC-224/2021,Contra la salud (posesión con fines de comercio),Sonora,Quinto Circuito,Juzgado Primero de Distrito en Sonora,Centro Estatal Costa Norte (ficticio),Privado de la libertad únicamente por esta causa,2021-10-21,Instrucción,Juzgado Primero de Distrito en Sonora,Se difirió la audiencia de careos por falta de traslado el 13/09/2024.,,,,Registro de prueba.
126,Beatriz Espinoza Cárdenas,EXP-FIC-1875/2021,CP-FIC-225/2021,Robo de hidrocarburos,Puebla,Sexto Circuito,Juzgado Primero de Distrito en Materia Penal en Puebla,Centro Regional de Reinserción Sur (ficticio),Privado de la libertad únicamente por esta causa,2021-02-25,Reposición del procedimiento,Juzgado Primero de Distrito en Materia Penal en Puebla,El Tribunal de Alzada ordenó la reposición del procedimiento el 08/08/2025.,,,,Promovió amparo indirecto contra la prisión preventiva (dato ficticio).
127,Adrián Montes Salazar,EXP-FIC-1882/2012,CP-FIC-226/2012,Tráfico de personas,Veracruz,Séptimo Circuito,Juzgado Primero de Distrito en Veracruz,Centro Federal de Reinserción Sureste (ficticio),Privado de la libertad únicamente por esta causa,2012-04-21,Amparo directo,Tribunal Colegiado en Materia Penal del Séptimo Circuito (A.D. FIC-198/2025),El Tribunal Colegiado admitió la demanda de amparo directo el 26/05/2025.,2021-08-23,25,,Sin observaciones adicionales.
128,Fabiola Miranda Zavala,EXP-FIC-1889/1999,CP-FIC-227/1999,Secuestro; Defraudación fiscal,Michoacán,Décimo Primer Circuito,Juzgado Primero de Distrito en Michoacán,Centro Estatal de Reinserción Tierra Caliente (ficticio),Privado de la libertad únicamente por esta causa,1999-01-08,Apelación (Tribunal de Alzada),Tribunal Colegiado de Apelación del Décimo Primer Circuito (Toca FIC-266/2009),Se interpuso apelación contra la sentencia de primera instancia; pendiente de resolución el 27/09/2009.,2001-01-24,47,,Defensa pública federal (dato ficticio).
129,Blanca Estela Gallardo Cabrera,EXP-FIC-1896/2025,CP-FIC-228/2025,Contra la salud (posesión con fines de comercio),Sinaloa,Décimo Segundo Circuito,Juzgado Primero de Distrito en Sinaloa,Centro Estatal de Reinserción Pacífico (ficticio),Compurga pena por causa penal distinta,2025-03-05,Cierre de instrucción / conclusiones,Juzgado Primero de Distrito en Sinaloa,Se declaró cerrada la instrucción y se dio vista para conclusiones el 12/12/2025.,,,,Defensa particular (dato ficticio).
130,Daniela Benítez Castañeda,EXP-FIC-1903/2022,CP-FIC-229/2022,Delitos contra el ambiente,Chihuahua,Décimo Séptimo Circuito,Juzgado Primero de Distrito en Chihuahua,Centro Estatal de Reinserción Barrancas (ficticio),Compurga pena por causa penal distinta,2022-03-10,Instrucción,Juzgado Primero de Distrito en Chihuahua,Se desahogó la prueba testimonial ofrecida por la defensa el 21/11/2023.,,,,Cuenta con otra causa penal en trámite (dato ficticio).
131,Rosa Isela Peña Quintero,EXP-FIC-1910/2008,CP-FIC-230/2008,Operaciones con recursos de procedencia ilícita,Ciudad de México,Primer Circuito,Juzgado Segundo de Distrito de Procesos Penales Federales en la Ciudad de México,Centro de Reinserción Norte (ficticio),Privado de la libertad también por causa penal distinta,2008-07-04,Apelación (Tribunal de Alzada),Tribunal Colegiado de Apelación del Primer Circuito (Toca FIC-72/2026),El Tribunal de Alzada admitió el recurso y señaló fecha para la vista el 06/05/2026.,2026-04-10,33,,Se solicitó la revisión de la medida cautelar (dato ficticio).
132,Juan Pablo Mejía Pacheco,EXP-FIC-1917/1998,CP-FIC-231/1998,Secuestro,Estado de México,Segundo Circuito,Juzgado Segundo de Distrito en Materia Penal en el Estado de México,Centro Estatal Valle Alto (ficticio),Privado de la libertad únicamente por esta causa,1998-03-01,Amparo directo,Tribunal Colegiado en Materia Penal del Segundo Circuito (A.D. FIC-6/2026),Se promovió amparo directo contra la resolución de segunda instancia; pendiente de resolución el 22/01/2026.,2023-07-20,58,,Cuenta con otra causa penal en trámite (dato ficticio).
133,Andrés Ibarra Ochoa,EXP-FIC-1924/2025,CP-FIC-232/2025,Secuestro; Operaciones con recursos de procedencia ilícita,Jalisco,Tercer Circuito,Juzgado Segundo de Distrito en Materia Penal en Jalisco,Centro Federal de Reinserción Occidente (ficticio),Privado de la libertad también por causa penal distinta,2025-09-13,Cierre de instrucción / conclusiones,Juzgado Segundo de Distrito en Materia Penal en Jalisco,Se declaró cerrada la instrucción y se dio vista para conclusiones el 17/08/2026.,,,,Defensa particular (dato ficticio).
134,Jorge Alberto Miranda Solís,EXP-FIC-1931/2022,CP-FIC-233/2022,Contra la salud (posesión con fines de comercio); Delincuencia organizada,Nuevo León,Cuarto Circuito,Juzgado Segundo de Distrito en Materia Penal en Nuevo León,Centro Estatal de Reinserción Sierra Madre (ficticio),Privado de la libertad únicamente por esta causa,2022-08-27,Instrucción,Juzgado Segundo de Distrito en Materia Penal en Nuevo León,Se admitieron las pruebas periciales ofrecidas por las partes el 30/03/2024.,,,,Se solicitó la revisión de la medida cautelar (dato ficticio).
135,Iris Orozco Escobar,EXP-FIC-1938/2017,CP-FIC-234/2017,Defraudación fiscal,Sonora,Quinto Circuito,Juzgado Segundo de Distrito en Sonora,Centro Federal de Reinserción Desierto (ficticio),Privado de la libertad también por causa penal distinta,2017-06-11,Apelación (Tribunal de Alzada),Tribunal Colegiado de Apelación del Quinto Circuito (Toca FIC-184/2024),Se interpuso apelación contra la sentencia de primera instancia; pendiente de resolución el 01/02/2024.,2022-02-03,46,,Sin observaciones adicionales.
136,Jorge Alberto Tapia Cordero,EXP-FIC-1945/2012,CP-FIC-235/2012,Delincuencia organizada,Puebla,Sexto Circuito,Juzgado Segundo de Distrito en Materia Penal en Puebla,Centro Estatal de Reinserción Los Volcanes (ficticio),Privado de la libertad únicamente por esta causa,2012-11-28,Cierre de instrucción / conclusiones,Juzgado Segundo de Distrito en Materia Penal en Puebla,Se declaró cerrada la instrucción y se dio vista para conclusiones el 05/12/2024.,,,,Cuenta con otra causa penal en trámite (dato ficticio).
137,Ramiro Campos Lozano,EXP-FIC-1952/2000,CP-FIC-236/2000,Robo de hidrocarburos,Veracruz,Séptimo Circuito,Juzgado Segundo de Distrito en Veracruz,Centro Estatal de Reinserción Golfo (ficticio),Privado de la libertad únicamente por esta causa,2000-10-13,Amparo directo,Tribunal Colegiado en Materia Penal del Séptimo Circuito (A.D. FIC-344/2018),El Tribunal Colegiado admitió la demanda de amparo directo el 05/09/2018.,2004-05-14,16,,Pendiente de traslado a otro centro (dato ficticio).
138,Patricia Medina Benítez,EXP-FIC-1959/2025,CP-FIC-237/2025,Operaciones con recursos de procedencia ilícita,Michoacán,Décimo Primer Circuito,Juzgado Segundo de Distrito en Michoacán,Centro Regional Lago Azul (ficticio),Privado de la libertad únicamente por esta causa,2025-02-15,Cierre de instrucción / conclusiones,Juzgado Segundo de Distrito en Michoacán,El Ministerio Público formuló conclusiones acusatorias el 26/03/2025.,,,,Sin observaciones adicionales.
139,Víctor Hugo Villaseñor Valdez,EXP-FIC-1966/2024,CP-FIC-238/2024,Acopio de armas,Sinaloa,Décimo Segundo Circuito,Juzgado Segundo de Distrito en Sinaloa,Centro Federal de Reinserción Noroeste (ficticio),Privado de la libertad únicamente por esta causa,2024-04-11,Reposición del procedimiento,Juzgado Segundo de Distrito en Sinaloa,El Tribunal de Alzada ordenó la reposición del procedimiento el 27/05/2024.,,,,Promovió amparo indirecto contra la prisión preventiva (dato ficticio).
140,Julián Maldonado Estrada,EXP-FIC-1973/2019,CP-FIC-239/2019,Falsificación de moneda,Chihuahua,Décimo Séptimo Circuito,Juzgado Segundo de Distrito en Chihuahua,Centro Federal de Reinserción Frontera (ficticio),Privado de la libertad únicamente por esta causa,2019-04-03,Instrucción,Juzgado Segundo de Distrito en Chihuahua,Se admitieron las pruebas periciales ofrecidas por las partes el 01/01/2026.,,,,Persona ficticia con dos causas penales distintas.
141,Martha Alvarado Ibarra,EXP-FIC-1980/2005,CP-FIC-240/2005,Defraudación fiscal; Acopio de armas,Ciudad de México,Primer Circuito,Juzgado Tercero de Distrito de Procesos Penales Federales en la Ciudad de México,Centro de Reinserción Norte (ficticio),Privado de la libertad únicamente por esta causa,2005-05-30,Amparo directo,Tribunal Colegiado en Materia Penal del Primer Circuito (A.D. FIC-35/2022),Se promovió amparo directo contra la resolución de segunda instancia; pendiente de resolución el 03/06/2022.,2010-01-05,32,,Se solicitó la revisión de la medida cautelar (dato ficticio).
142,Omar Aguilar Estrada,EXP-FIC-1987/2025,CP-FIC-241/2025,Portación de arma de fuego de uso exclusivo,Estado de México,Segundo Circuito,Juzgado Tercero de Distrito en Materia Penal en el Estado de México,Centro Estatal Valle Alto (ficticio),Privado de la libertad únicamente por esta causa,2025-05-02,Sentencia de primera instancia,Juzgado Tercero de Distrito en Materia Penal en el Estado de México,Se notificó la sentencia de primera instancia a las partes el 14/07/2026.,2026-04-16,15,,Sin observaciones adicionales.
143,Héctor Miranda Medina,EXP-FIC-1994/2023,CP-FIC-242/2023,Operaciones con recursos de procedencia ilícita; Delincuencia organizada,Jalisco,Tercer Circuito,Juzgado Tercero de Distrito en Materia Penal en Jalisco,Centro Estatal de Reinserción Los Altos (ficticio),Compurga pena por causa penal distinta,2023-11-09,Cierre de instrucción / conclusiones,Juzgado Tercero de Distrito en Materia Penal en Jalisco,El Ministerio Público formuló conclusiones acusatorias el 05/04/2024.,,,,Pendiente de traslado a otro centro (dato ficticio).
144,Roberto Espinoza Pacheco,EXP-FIC-2001/2018,CP-FIC-243/2018,Tráfico de personas; Robo de hidrocarburos,Nuevo León,Cuarto Circuito,Juzgado Primero de Distrito en Materia Penal en Nuevo León,Centro Estatal de Reinserción Sierra Madre (ficticio),Privado de la libertad únicamente por esta causa,2018-04-26,Instrucción,Juzgado Primero de Distrito en Materia Penal en Nuevo León,Se difirió la audiencia de careos por falta de traslado el 29/01/2024.,,,,Se solicitó la revisión de la medida cautelar (dato ficticio).
145,Gustavo Maldonado Peña,EXP-FIC-2008/2010,CP-FIC-244/2010,Delitos contra el ambiente,Sonora,Quinto Circuito,Juzgado Primero de Distrito en Sonora,Centro Estatal Costa Norte (ficticio),Privado de la libertad también por causa penal distinta,2010-12-13,Apelación (Tribunal de Alzada),Tribunal Colegiado de Apelación del Quinto Circuito (Toca FIC-110/2020),El Tribunal de Alzada admitió el recurso y señaló fecha para la vista el 12/04/2020.,2015-08-09,30,,Registro de prueba.
146,Alejandra Quintero Rosales,EXP-FIC-2015/2004,CP-FIC-245/2004,Contra la salud (posesión con fines de comercio),Puebla,Sexto Circuito,Juzgado Primero de Distrito en Materia Penal en Puebla,Centro Regional de Reinserción Sur (ficticio),Privado de la libertad también por causa penal distinta,2004-11-16,Reposición del procedimiento,Juzgado Primero de Distrito en Materia Penal en Puebla,Se repuso el procedimiento a partir del auto de formal prisión el 17/01/2005.,,,,Defensa particular (dato ficticio).
147,Luis Enrique Villaseñor Orozco,EXP-FIC-2022/2026,CP-FIC-246/2026,Portación de arma de fuego de uso exclusivo,Veracruz,Séptimo Circuito,Juzgado Tercero de Distrito en Veracruz,Centro Federal de Reinserción Sureste (ficticio),Privado de la libertad únicamente por esta causa,2026-05-02,Instrucción,Juzgado Tercero de Distrito en Veracruz,Se ordenó girar exhorto para el desahogo de una diligencia el 10/05/2026.,,,,Registro de prueba.
148,Ernesto Cervantes Márquez,EXP-FIC-2029/2023,CP-FIC-247/2023,Robo de hidrocarburos; Operaciones con recursos de procedencia ilícita,Michoacán,Décimo Primer Circuito,Juzgado Primero de Distrito en Michoacán,Centro Regional Lago Azul (ficticio),Privado de la libertad también por causa penal distinta,2023-08-04,Reposición del procedimiento,Juzgado Primero de Distrito en Michoacán,Se repuso el procedimiento a partir del auto de formal prisión el 11/07/2024.,,,,Defensa particular (dato ficticio).
149,Marco Antonio Cervantes Mejía,EXP-FIC-2036/2020,CP-FIC-248/2020,Falsificación de moneda; Delitos contra el ambiente,Sinaloa,Décimo Segundo Circuito,Juzgado Primero de Distrito en Sinaloa,Centro Federal de Reinserción Noroeste (ficticio),Privado de la libertad únicamente por esta causa,2020-06-30,Apelación (Tribunal de Alzada),Tribunal Colegiado de Apelación del Décimo Segundo Circuito (Toca FIC-236/2024),El Tribunal de Alzada admitió el recurso y señaló fecha para la vista el 21/03/2024.,2021-06-25,21,,Se solicitó la revisión de la medida cautelar (dato ficticio).
150,Alma Delia Montes Cabrera,EXP-FIC-2043/2010,CP-FIC-249/2010,Delincuencia organizada,Chihuahua,Décimo Séptimo Circuito,Juzgado Primero de Distrito en Chihuahua,Centro Federal de Reinserción Frontera (ficticio),Privado de la libertad únicamente por esta causa,2010-01-04,Amparo directo,Tribunal Colegiado en Materia Penal del Décimo Séptimo Circuito (A.D. FIC-118/2019),El Tribunal Colegiado admitió la demanda de amparo directo el 25/04/2019.,2018-11-28,5,,Defensa pública federal (dato ficticio).
151,Cecilia Espinoza Castañeda,EXP-FIC-9000/2019,CP-FIC-900/2019,Contra la salud (transporte); Delincuencia organizada,Ciudad de México,Primer Circuito,Juzgado Primero de Distrito de Procesos Penales Federales en la Ciudad de México,Centro de Reinserción Norte (ficticio),Privado de la libertad únicamente por esta causa,2012-05-12,Sentencia ejecutoriada,Tribunal Colegiado de Apelación del Primer Circuito (Toca FIC-69/2024),Se interpuso apelación contra la sentencia de primera instancia; pendiente de resolución el 04/03/2024.,2023-09-25,51,2026-08-14,Registro de prueba con sentencia ejecutoriada: debe darse de baja del seguimiento.
152,Gloria Delgado Lara,EXP-FIC-9001/2019,CP-FIC-901/2019,Portación de arma de fuego de uso exclusivo,Estado de México,Segundo Circuito,Juzgado Primero de Distrito en Materia Penal en el Estado de México,Centro Estatal Valle Alto (ficticio),Privado de la libertad únicamente por esta causa,1998-07-22,Apelación (Tribunal de Alzada),Tribunal Colegiado en Materia Penal del Segundo Circuito (A.D. FIC-362/2022),El Tribunal Colegiado admitió la demanda de amparo directo el 04/08/2022.,2022-04-20,49,2026-09-03,Registro de prueba con sentencia ejecutoriada: debe darse de baja del seguimiento.
